Time,Conductivity,Temperature
114911,3.2,22
0,0,0
0,0,0
114913,3.2,22
0,0,0
0,0,0
114915,3.2,22
0,0,0
0,0,0
114917,3.2,22
0,0,0
0,0,0
114919,3.2,22
0,0,0
0,0,0
114921,3.3,22
0,0,0
0,0,0
114923,3.4,22
0,0,0
0,0,0
114925,3.4,22
0,0,0
0,0,0
114927,3.5,22
0,0,0
0,0,0
114929,3.5,22
0,0,0
0,0,0
114931,3.6,22
0,0,0
0,0,0
114933,3.6,22
0,0,0
0,0,0
114935,3.7,22
0,0,0
0,0,0
114937,3.7,22
0,0,0
0,0,0
114939,3.7,22
0,0,0
0,0,0
114941,3.8,22
0,0,0
0,0,0
114943,3.8,22
0,0,0
0,0,0
114945,3.8,22
0,0,0
0,0,0
114947,3.7,22
0,0,0
0,0,0
114949,3.7,22
0,0,0
0,0,0
114951,3.7,22
0,0,0
0,0,0
114953,3.6,22
0,0,0
0,0,0
114955,3.7,22
0,0,0
0,0,0
114957,3.7,22
0,0,0
0,0,0
114959,3.8,22
0,0,0
0,0,0
115001,3.8,22
0,0,0
0,0,0
115003,3.9,22
0,0,0
0,0,0
115005,3.9,22
0,0,0
0,0,0
115007,3.9,22
0,0,0
0,0,0
115009,3.9,22
0,0,0
0,0,0
115011,3.9,22
0,0,0
0,0,0
115013,3.9,22
0,0,0
0,0,0
115015,3.9,22
0,0,0
0,0,0
115017,3.9,22
0,0,0
0,0,0
115019,4,22
0,0,0
0,0,0
115021,4,22
0,0,0
0,0,0
115023,4,22
0,0,0
0,0,0
115025,4,22
0,0,0
0,0,0
115027,4,22
0,0,0
0,0,0
115029,4,22
0,0,0
0,0,0
115031,4,22
0,0,0
0,0,0
115033,4,22
0,0,0
0,0,0
115035,4,22
0,0,0
0,0,0
115037,4,22
0,0,0
0,0,0
115039,4,22
0,0,0
0,0,0
115041,4.1,22
0,0,0
0,0,0
115043,4.1,22
0,0,0
0,0,0
115045,4.1,22
0,0,0
0,0,0
115047,4.1,22
0,0,0
0,0,0
115049,4.1,22
0,0,0
0,0,0
115051,4.1,22
0,0,0
0,0,0
115053,4.1,22
0,0,0
0,0,0
115055,4.1,22
0,0,0
0,0,0
115057,4.1,22
0,0,0
0,0,0
115059,4.1,22
0,0,0
0,0,0
115101,4.1,22
0,0,0
0,0,0
115103,4.1,22
0,0,0
0,0,0
115105,4.1,22
0,0,0
0,0,0
115107,4.1,22
0,0,0
0,0,0
115109,4.2,22
0,0,0
0,0,0
115111,4.2,22
0,0,0
0,0,0
115113,4.2,22
0,0,0
0,0,0
115115,4.2,22
0,0,0
0,0,0
115117,4.2,22
0,0,0
0,0,0
115119,4.2,22.1
0,0,0
0,0,0
115121,4.2,22
0,0,0
0,0,0
115123,4.2,22
0,0,0
0,0,0
115125,4.2,22
0,0,0
0,0,0
115127,4.2,22
0,0,0
0,0,0
115129,4.2,22
0,0,0
0,0,0
115131,4.2,22
0,0,0
0,0,0
115133,4.2,22
0,0,0
0,0,0
115135,4.2,22
0,0,0
0,0,0
115137,4.2,22
0,0,0
0,0,0
115139,4.2,22
0,0,0
0,0,0
115141,4.3,22
0,0,0
0,0,0
115143,4.3,22.1
0,0,0
0,0,0
115145,4.2,22.1
0,0,0
0,0,0
115147,4.2,22
0,0,0
0,0,0
115149,4.2,22.1
0,0,0
0,0,0
115151,4.2,22.1
0,0,0
0,0,0
115153,4.2,22
0,0,0
0,0,0
115155,4.3,22
0,0,0
0,0,0
115157,4.3,22
0,0,0
0,0,0
115159,4.3,22.1
0,0,0
0,0,0
115201,23.6,22
0,0,0
0,0,0
115203,119.5,22
0,0,0
0,0,0
115205,187.7,22
0,0,0
0,0,0
115207,1.877,22
0,0,0
0,0,0
115209,0.247,22
0,0,0
0,0,0
115211,0.235,22
0,0,0
0,0,0
115213,0.291,21.9
0,0,0
0,0,0
115215,0.291,21.9
0,0,0
0,0,0
115217,0.315,21.9
0,0,0
0,0,0
115219,0.315,21.9
0,0,0
0,0,0
115221,0.316,21.9
0,0,0
0,0,0
115223,0.316,21.9
0,0,0
0,0,0
115225,0.297,21.9
0,0,0
0,0,0
115227,0.31,21.9
0,0,0
0,0,0
115229,0.31,22
0,0,0
0,0,0
115231,0.326,22
0,0,0
0,0,0
115233,0.326,22
0,0,0
0,0,0
115235,0.345,22
0,0,0
0,0,0
115237,0.347,22.1
0,0,0
0,0,0
115239,0.352,22.1
0,0,0
0,0,0
115241,0.358,22.1
0,0,0
0,0,0
115243,0.384,22.1
0,0,0
0,0,0
115245,0.384,22.1
0,0,0
0,0,0
115247,0.386,22.2
0,0,0
0,0,0
115249,0.389,22.2
0,0,0
0,0,0
115251,0.41,22.2
0,0,0
0,0,0
115253,0.412,22.3
0,0,0
0,0,0
115255,0.429,22.3
0,0,0
0,0,0
115257,0.431,22.3
0,0,0
0,0,0
115259,0.434,22.4
0,0,0
0,0,0
115301,0.439,22.4
0,0,0
0,0,0
115303,0.446,22.4
0,0,0
0,0,0
115305,0.453,22.4
0,0,0
0,0,0
115307,0.462,22.5
0,0,0
0,0,0
115309,0.462,22.5
0,0,0
0,0,0
115311,0.47,22.5
0,0,0
0,0,0
115313,0.478,22.5
0,0,0
0,0,0
115315,0.486,22.6
0,0,0
0,0,0
115317,0.493,22.6
0,0,0
0,0,0
115319,0.501,22.7
0,0,0
0,0,0
115321,0.508,22.7
0,0,0
0,0,0
115323,0.515,22.7
0,0,0
0,0,0
115325,0.521,22.8
0,0,0
0,0,0
115327,0.526,22.8
0,0,0
0,0,0
115329,0.531,22.8
0,0,0
0,0,0
115331,0.531,22.8
0,0,0
0,0,0
115333,0.536,22.9
0,0,0
0,0,0
115335,0.543,22.9
0,0,0
0,0,0
115337,0.551,22.9
0,0,0
0,0,0
115339,0.557,23
0,0,0
0,0,0
115341,0.562,23
0,0,0
0,0,0
115343,0.566,23
0,0,0
0,0,0
115345,0.57,23.1
0,0,0
0,0,0
115347,0.59,23.1
0,0,0
0,0,0
115349,0.59,23.1
0,0,0
0,0,0
115351,0.592,23.2
0,0,0
0,0,0
115353,0.595,23.2
0,0,0
0,0,0
115355,0.599,23.2
0,0,0
0,0,0
115357,0.604,23.3
0,0,0
0,0,0
115359,0.607,23.3
0,0,0
0,0,0
115401,0.611,23.3
0,0,0
0,0,0
115403,0.616,23.4
0,0,0
0,0,0
115405,0.621,23.4
0,0,0
0,0,0
115407,0.621,23.4
0,0,0
0,0,0
115409,0.627,23.4
0,0,0
0,0,0
115411,0.632,23.5
0,0,0
0,0,0
115413,0.65,23.5
0,0,0
0,0,0
115415,0.65,23.6
0,0,0
0,0,0
115417,0.651,23.6
0,0,0
0,0,0
115419,0.652,23.6
0,0,0
0,0,0
115421,0.655,23.6
0,0,0
0,0,0
115423,0.656,23.7
0,0,0
0,0,0
115425,0.678,23.7
0,0,0
0,0,0
115427,0.665,23.7
0,0,0
0,0,0
115429,0.665,23.8
0,0,0
0,0,0
115431,0.676,23.8
0,0,0
0,0,0
115433,0.676,23.9
0,0,0
0,0,0
115435,0.678,23.9
0,0,0
0,0,0
115437,0.681,23.9
0,0,0
0,0,0
115439,0.685,24
0,0,0
0,0,0
115441,0.689,24
0,0,0
0,0,0
115443,0.693,24
0,0,0
0,0,0
115445,0.71,24
0,0,0
0,0,0
115447,0.71,24.1
0,0,0
0,0,0
115449,0.71,24.1
0,0,0
0,0,0
115451,0.71,24.2
0,0,0
0,0,0
115453,0.723,24.2
0,0,0
0,0,0
115455,0.724,24.2
0,0,0
0,0,0
115457,0.726,24.3
0,0,0
0,0,0
115459,0.729,24.3
0,0,0
0,0,0
115501,0.731,24.4
0,0,0
0,0,0
115503,0.734,24.4
0,0,0
0,0,0
115505,0.734,24.4
0,0,0
0,0,0
115507,0.737,24.4
0,0,0
0,0,0
115509,0.74,24.5
0,0,0
0,0,0
115511,0.744,24.5
0,0,0
0,0,0
115513,0.749,24.6
0,0,0
0,0,0
115515,0.753,24.6
0,0,0
0,0,0
115517,0.756,24.6
0,0,0
0,0,0
115519,0.759,24.7
0,0,0
0,0,0
115521,0.762,24.7
0,0,0
0,0,0
115523,0.765,24.8
0,0,0
0,0,0
115525,0.768,24.8
0,0,0
0,0,0
115527,0.768,24.8
0,0,0
0,0,0
115529,0.771,24.8
0,0,0
0,0,0
115531,0.775,24.9
0,0,0
0,0,0
115533,0.777,24.9
0,0,0
0,0,0
115535,0.781,25
0,0,0
0,0,0
115537,0.784,25
0,0,0
0,0,0
115539,0.786,25
0,0,0
0,0,0
115541,0.79,25.1
0,0,0
0,0,0
115543,0.793,25.1
0,0,0
0,0,0
115545,0.793,25.1
0,0,0
0,0,0
115547,0.795,25.2
0,0,0
0,0,0
115549,0.798,25.2
0,0,0
0,0,0
115551,0.802,25.2
0,0,0
0,0,0
115553,0.805,25.3
0,0,0
0,0,0
115555,0.807,25.3
0,0,0
0,0,0
115557,0.811,25.4
0,0,0
0,0,0
115559,0.812,25.4
0,0,0
0,0,0
115601,0.814,25.4
0,0,0
0,0,0
115603,0.814,25.4
0,0,0
0,0,0
115605,0.817,25.5
0,0,0
0,0,0
115607,0.82,25.5
0,0,0
0,0,0
115609,0.823,25.6
0,0,0
0,0,0
115611,0.825,25.6
0,0,0
0,0,0
115613,0.827,25.7
0,0,0
0,0,0
115615,0.828,25.7
0,0,0
0,0,0
115617,0.829,25.7
0,0,0
0,0,0
115619,0.833,25.8
0,0,0
0,0,0
115621,0.835,25.8
0,0,0
0,0,0
115623,0.837,25.8
0,0,0
0,0,0
115625,0.839,25.9
0,0,0
0,0,0
115627,0.839,25.9
0,0,0
0,0,0
115629,0.839,25.9
0,0,0
0,0,0
115631,0.841,26
0,0,0
0,0,0
115633,0.842,26
0,0,0
0,0,0
115635,0.845,26.1
0,0,0
0,0,0
115637,0.848,26.1
0,0,0
0,0,0
115639,0.85,26.1
0,0,0
0,0,0
115641,0.853,26.1
0,0,0
0,0,0
115643,0.853,26.2
0,0,0
0,0,0
115645,0.854,26.2
0,0,0
0,0,0
115647,0.857,26.3
0,0,0
0,0,0
115649,0.858,26.3
0,0,0
0,0,0
115651,0.859,26.3
0,0,0
0,0,0
115653,0.861,26.4
0,0,0
0,0,0
115655,0.862,26.4
0,0,0
0,0,0
115657,0.865,26.5
0,0,0
0,0,0
115659,0.867,26.5
0,0,0
0,0,0
115701,0.867,26.5
0,0,0
0,0,0
115703,0.868,26.6
0,0,0
0,0,0
115705,0.87,26.6
0,0,0
0,0,0
115707,0.871,26.6
0,0,0
0,0,0
115709,0.874,26.7
0,0,0
0,0,0
115711,0.875,26.7
0,0,0
0,0,0
115713,0.878,26.8
0,0,0
0,0,0
115715,0.879,26.8
0,0,0
0,0,0
115717,0.881,26.8
0,0,0
0,0,0
115719,0.882,26.9
0,0,0
0,0,0
115721,0.884,26.9
0,0,0
0,0,0
115723,0.887,26.9
0,0,0
0,0,0
115725,0.887,27
0,0,0
0,0,0
115727,0.889,27
0,0,0
0,0,0
115729,0.892,27
0,0,0
0,0,0
115731,0.894,27.1
0,0,0
0,0,0
115733,0.896,27.1
0,0,0
0,0,0
115735,0.897,27.2
0,0,0
0,0,0
115737,0.899,27.2
0,0,0
0,0,0
115739,0.902,27.2
0,0,0
0,0,0
115741,0.904,27.3
0,0,0
0,0,0
115743,0.908,27.3
0,0,0
0,0,0
115745,0.91,27.3
0,0,0
0,0,0
115747,0.91,27.4
0,0,0
0,0,0
115749,0.913,27.4
0,0,0
0,0,0
115751,0.917,27.5
0,0,0
0,0,0
115753,0.92,27.5
0,0,0
0,0,0
115755,0.923,27.5
0,0,0
0,0,0
115757,0.925,27.6
0,0,0
0,0,0
115759,0.927,27.6
0,0,0
0,0,0
115801,0.93,27.7
0,0,0
0,0,0
115803,0.934,27.7
0,0,0
0,0,0
115805,0.934,27.7
0,0,0
0,0,0
115807,0.937,27.8
0,0,0
0,0,0
115809,0.941,27.8
0,0,0
0,0,0
115811,0.943,27.8
0,0,0
0,0,0
115813,0.946,27.9
0,0,0
0,0,0
115815,0.948,27.9
0,0,0
0,0,0
115817,0.951,28
0,0,0
0,0,0
115819,0.953,28
0,0,0
0,0,0
115821,0.956,28
0,0,0
0,0,0
115823,0.956,28.1
0,0,0
0,0,0
115825,0.958,28.1
0,0,0
0,0,0
115827,0.96,28.2
0,0,0
0,0,0
115829,0.962,28.2
0,0,0
0,0,0
115831,0.965,28.2
0,0,0
0,0,0
115833,0.968,28.3
0,0,0
0,0,0
115835,0.972,28.3
0,0,0
0,0,0
115837,0.975,28.3
0,0,0
0,0,0
115839,0.978,28.4
0,0,0
0,0,0
115841,0.98,28.4
0,0,0
0,0,0
115843,0.982,28.5
0,0,0
0,0,0
115845,0.982,28.5
0,0,0
0,0,0
115847,0.985,28.5
0,0,0
0,0,0
115849,0.988,28.6
0,0,0
0,0,0
115851,0.991,28.6
0,0,0
0,0,0
115853,0.994,28.7
0,0,0
0,0,0
115855,0.997,28.7
0,0,0
0,0,0
115857,0.998,28.8
0,0,0
0,0,0
115859,1.001,28.8
0,0,0
0,0,0
115901,1.003,28.8
0,0,0
0,0,0
115903,1.003,28.9
0,0,0
0,0,0
115905,1.005,28.9
0,0,0
0,0,0
115907,1.008,29
0,0,0
0,0,0
115909,1.009,29
0,0,0
0,0,0
115911,1.011,29
0,0,0
0,0,0
115913,1.013,29.1
0,0,0
0,0,0
115915,1.015,29.1
0,0,0
0,0,0
115917,1.018,29.2
0,0,0
0,0,0
115919,1.018,29.2
0,0,0
0,0,0
115921,1.018,29.2
0,0,0
0,0,0
115923,1.02,29.3
0,0,0
0,0,0
115925,1.02,29.3
0,0,0
0,0,0
115927,1.021,29.4
0,0,0
0,0,0
115929,1.022,29.4
0,0,0
0,0,0
115931,1.023,29.4
0,0,0
0,0,0
115933,1.026,29.5
0,0,0
0,0,0
115935,1.028,29.5
0,0,0
0,0,0
115937,1.029,29.6
0,0,0
0,0,0
115939,1.031,29.6
0,0,0
0,0,0
115941,1.031,29.6
0,0,0
0,0,0
115943,1.031,29.7
0,0,0
0,0,0
115945,1.031,29.7
0,0,0
0,0,0
115947,1.033,29.8
0,0,0
0,0,0
115949,1.034,29.8
0,0,0
0,0,0
115951,1.036,29.8
0,0,0
0,0,0
115953,1.038,29.9
0,0,0
0,0,0
115955,1.039,29.9
0,0,0
0,0,0
115957,1.042,30
0,0,0
0,0,0
115959,1.043,30
0,0,0
0,0,0
120001,1.043,30
0,0,0
0,0,0
120003,1.045,30.1
0,0,0
0,0,0
120005,1.046,30.1
0,0,0
0,0,0
120007,1.047,30.2
0,0,0
0,0,0
120009,1.049,30.2
0,0,0
0,0,0
120011,1.049,30.2
0,0,0
0,0,0
120013,1.051,30.3
0,0,0
0,0,0
120015,1.052,30.3
0,0,0
0,0,0
120017,1.054,30.3
0,0,0
0,0,0
120019,1.054,30.4
0,0,0
0,0,0
120021,1.055,30.4
0,0,0
0,0,0
120023,1.057,30.5
0,0,0
0,0,0
120025,1.058,30.5
0,0,0
0,0,0
120027,1.059,30.6
0,0,0
0,0,0
120029,1.06,30.6
0,0,0
0,0,0
120031,1.061,30.6
0,0,0
0,0,0
120033,1.061,30.7
0,0,0
0,0,0
120035,1.062,30.7
0,0,0
0,0,0
120037,1.062,30.8
0,0,0
0,0,0
120039,1.063,30.8
0,0,0
0,0,0
120041,1.064,30.8
0,0,0
0,0,0
120043,1.064,30.9
0,0,0
0,0,0
120045,1.065,30.9
0,0,0
0,0,0
120047,1.067,30.9
0,0,0
0,0,0
120049,1.068,31
0,0,0
0,0,0
120051,1.069,31
0,0,0
0,0,0
120053,1.07,31.1
0,0,0
0,0,0
120055,1.07,31.1
0,0,0
0,0,0
120057,1.07,31.1
0,0,0
0,0,0
120059,1.07,31.2
0,0,0
0,0,0
120101,1.071,31.2
0,0,0
0,0,0
120103,1.071,31.3
0,0,0
0,0,0
120105,1.072,31.3
0,0,0
0,0,0
120107,1.073,31.3
0,0,0
0,0,0
120109,1.074,31.4
0,0,0
0,0,0
120111,1.075,31.4
0,0,0
0,0,0
120113,1.076,31.5
0,0,0
0,0,0
120115,1.077,31.5
0,0,0
0,0,0
120117,1.077,31.5
0,0,0
0,0,0
120119,1.078,31.6
0,0,0
0,0,0
120121,1.079,31.6
0,0,0
0,0,0
120123,1.079,31.6
0,0,0
0,0,0
120125,1.079,31.7
0,0,0
0,0,0
120127,1.079,31.7
0,0,0
0,0,0
120129,1.08,31.8
0,0,0
0,0,0
120131,1.08,31.8
0,0,0
0,0,0
120133,1.081,31.8
0,0,0
0,0,0
120135,1.082,31.9
0,0,0
0,0,0
120137,1.081,31.9
0,0,0
0,0,0
120139,1.082,31.9
0,0,0
0,0,0
120141,1.082,32
0,0,0
0,0,0
120143,1.082,32
0,0,0
0,0,0
120145,1.083,32.1
0,0,0
0,0,0
120147,1.083,32.1
0,0,0
0,0,0
120149,1.083,32.1
0,0,0
0,0,0
120151,1.084,32.2
0,0,0
0,0,0
120153,1.084,32.2
0,0,0
0,0,0
120155,1.086,32.2
0,0,0
0,0,0
120157,1.086,32.3
0,0,0
0,0,0
120159,1.086,32.3
0,0,0
0,0,0
120201,1.086,32.3
0,0,0
0,0,0
120203,1.086,32.4
0,0,0
0,0,0
120205,1.085,32.4
0,0,0
0,0,0
120207,1.086,32.5
0,0,0
0,0,0
120209,1.086,32.5
0,0,0
0,0,0
120211,1.087,32.5
0,0,0
0,0,0
120213,1.089,32.6
0,0,0
0,0,0
120215,1.09,32.6
0,0,0
0,0,0
120217,1.091,32.7
0,0,0
0,0,0
120219,1.092,32.7
0,0,0
0,0,0
120221,1.092,32.7
0,0,0
0,0,0
120223,1.092,32.8
0,0,0
0,0,0
120225,1.092,32.8
0,0,0
0,0,0
120227,1.091,32.8
0,0,0
0,0,0
120229,1.092,32.9
0,0,0
0,0,0
120231,1.091,32.9
0,0,0
0,0,0
120233,1.091,32.9
0,0,0
0,0,0
120235,1.091,32.9
0,0,0
0,0,0
120237,1.09,33
0,0,0
0,0,0
120239,1.09,33
0,0,0
0,0,0
120241,1.09,33.1
0,0,0
0,0,0
120243,1.09,33.1
0,0,0
0,0,0
120245,1.091,33.1
0,0,0
0,0,0
120247,1.092,33.2
0,0,0
0,0,0
120249,1.092,33.2
0,0,0
0,0,0
120251,1.093,33.3
0,0,0
0,0,0
120253,1.092,33.3
0,0,0
0,0,0
120255,1.092,33.3
0,0,0
0,0,0
120257,1.092,33.3
0,0,0
0,0,0
120259,1.091,33.4
0,0,0
0,0,0
120301,1.091,33.4
0,0,0
0,0,0
120303,1.092,33.5
0,0,0
0,0,0
120305,1.091,33.5
0,0,0
0,0,0
120307,1.092,33.5
0,0,0
0,0,0
120309,1.093,33.6
0,0,0
0,0,0
120311,1.093,33.6
0,0,0
0,0,0
120313,1.094,33.6
0,0,0
0,0,0
120315,1.094,33.7
0,0,0
0,0,0
120317,1.094,33.7
0,0,0
0,0,0
120319,1.094,33.7
0,0,0
0,0,0
120321,1.095,33.8
0,0,0
0,0,0
120323,1.095,33.8
0,0,0
0,0,0
120325,1.095,33.8
0,0,0
0,0,0
120327,1.096,33.9
0,0,0
0,0,0
120329,1.095,33.9
0,0,0
0,0,0
120331,1.094,33.9
0,0,0
0,0,0
120333,1.094,34
0,0,0
0,0,0
120335,1.094,34
0,0,0
0,0,0
120337,1.094,34
0,0,0
0,0,0
120339,1.095,34.1
0,0,0
0,0,0
120341,1.095,34.1
0,0,0
0,0,0
120343,1.097,34.1
0,0,0
0,0,0
120345,1.099,34.2
0,0,0
0,0,0
120347,1.101,34.2
0,0,0
0,0,0
120349,1.104,34.2
0,0,0
0,0,0
120351,1.105,34.2
0,0,0
0,0,0
120353,1.106,34.3
0,0,0
0,0,0
120355,1.106,34.3
0,0,0
0,0,0
120357,1.105,34.4
0,0,0
0,0,0
120359,1.105,34.4
0,0,0
0,0,0
120401,1.105,34.4
0,0,0
0,0,0
120403,1.104,34.5
0,0,0
0,0,0
120405,1.103,34.5
0,0,0
0,0,0
120407,1.104,34.5
0,0,0
0,0,0
120409,1.104,34.6
0,0,0
0,0,0
120411,1.105,34.6
0,0,0
0,0,0
120413,1.107,34.6
0,0,0
0,0,0
120415,1.109,34.6
0,0,0
0,0,0
120417,1.109,34.7
0,0,0
0,0,0
120419,1.108,34.7
0,0,0
0,0,0
120421,1.11,34.7
0,0,0
0,0,0
120423,1.112,34.8
0,0,0
0,0,0
120425,1.114,34.8
0,0,0
0,0,0
120427,1.118,34.8
0,0,0
0,0,0
120429,1.119,34.9
0,0,0
0,0,0
120431,1.12,34.9
0,0,0
0,0,0
120433,1.121,34.9
0,0,0
0,0,0
120435,1.121,34.9
0,0,0
0,0,0
120437,1.122,35
0,0,0
0,0,0
120439,1.123,35
0,0,0
0,0,0
120441,1.123,35
0,0,0
0,0,0
120443,1.124,35.1
0,0,0
0,0,0
120445,1.123,35.1
0,0,0
0,0,0
120447,1.122,35.1
0,0,0
0,0,0
120449,1.122,35.2
0,0,0
0,0,0
120451,1.122,35.2
0,0,0
0,0,0
120453,1.122,35.2
0,0,0
0,0,0
120455,1.123,35.2
0,0,0
0,0,0
120457,1.122,35.3
0,0,0
0,0,0
120459,1.122,35.3
0,0,0
0,0,0
120501,1.124,35.3
0,0,0
0,0,0
120503,1.126,35.4
0,0,0
0,0,0
120505,1.127,35.4
0,0,0
0,0,0
120507,1.129,35.4
0,0,0
0,0,0
120509,1.13,35.5
0,0,0
0,0,0
120511,1.129,35.5
0,0,0
0,0,0
120513,1.132,35.5
0,0,0
0,0,0
120515,1.132,35.5
0,0,0
0,0,0
120517,1.135,35.6
0,0,0
0,0,0
120519,1.137,35.6
0,0,0
0,0,0
120521,1.14,35.6
0,0,0
0,0,0
120523,1.14,35.6
0,0,0
0,0,0
120525,1.14,35.7
0,0,0
0,0,0
120527,1.14,35.7
0,0,0
0,0,0
120529,1.141,35.7
0,0,0
0,0,0
120531,1.142,35.7
0,0,0
0,0,0
120533,1.142,35.8
0,0,0
0,0,0
120535,1.143,35.8
0,0,0
0,0,0
120537,1.146,35.8
0,0,0
0,0,0
120539,1.15,35.8
0,0,0
0,0,0
120541,1.153,35.9
0,0,0
0,0,0
120543,1.159,35.9
0,0,0
0,0,0
120545,1.163,35.9
0,0,0
0,0,0
120547,1.166,36
0,0,0
0,0,0
120549,1.169,36
0,0,0
0,0,0
120551,1.17,36
0,0,0
0,0,0
120553,1.171,36
0,0,0
0,0,0
120555,1.172,36
0,0,0
0,0,0
120557,1.172,36.1
0,0,0
0,0,0
120559,1.172,36.1
0,0,0
0,0,0
120601,1.172,36.1
0,0,0
0,0,0
120603,1.172,36.1
0,0,0
0,0,0
120605,1.172,36.2
0,0,0
0,0,0
120607,1.172,36.2
0,0,0
0,0,0
120609,1.173,36.2
0,0,0
0,0,0
120611,1.174,36.2
0,0,0
0,0,0
120613,1.174,36.3
0,0,0
0,0,0
120615,1.174,36.3
0,0,0
0,0,0
120617,1.175,36.3
0,0,0
0,0,0
120619,1.175,36.3
0,0,0
0,0,0
120621,1.175,36.4
0,0,0
0,0,0
120623,1.175,36.4
0,0,0
0,0,0
120625,1.177,36.4
0,0,0
0,0,0
120627,1.178,36.4
0,0,0
0,0,0
120629,1.18,36.4
0,0,0
0,0,0
120631,1.181,36.5
0,0,0
0,0,0
120633,1.183,36.5
0,0,0
0,0,0
120635,1.183,36.5
0,0,0
0,0,0
120637,1.183,36.5
0,0,0
0,0,0
120639,1.184,36.6
0,0,0
0,0,0
120641,1.185,36.6
0,0,0
0,0,0
120643,1.186,36.6
0,0,0
0,0,0
120645,1.186,36.6
0,0,0
0,0,0
120647,1.186,36.6
0,0,0
0,0,0
120649,1.185,36.7
0,0,0
0,0,0
120651,1.185,36.7
0,0,0
0,0,0
120653,1.186,36.7
0,0,0
0,0,0
120655,1.186,36.7
0,0,0
0,0,0
120657,1.187,36.7
0,0,0
0,0,0
120659,1.188,36.8
0,0,0
0,0,0
120701,1.187,36.8
0,0,0
0,0,0
120703,1.187,36.8
0,0,0
0,0,0
120705,1.19,36.8
0,0,0
0,0,0
120707,1.213,36.8
0,0,0
0,0,0
120709,1.213,36.8
0,0,0
0,0,0
120711,1.213,36.9
0,0,0
0,0,0
120713,1.213,36.9
0,0,0
0,0,0
120715,1.212,36.9
0,0,0
0,0,0
120717,1.212,36.9
0,0,0
0,0,0
120719,1.212,36.9
0,0,0
0,0,0
120721,1.213,37
0,0,0
0,0,0
120723,1.214,37
0,0,0
0,0,0
120725,1.215,37
0,0,0
0,0,0
120727,1.216,37
0,0,0
0,0,0
120729,1.216,37
0,0,0
0,0,0
120731,1.216,37.1
0,0,0
0,0,0
120733,1.217,37.1
0,0,0
0,0,0
120735,1.217,37.1
0,0,0
0,0,0
120737,1.217,37.1
0,0,0
0,0,0
120739,1.218,37.1
0,0,0
0,0,0
120741,1.219,37.1
0,0,0
0,0,0
120743,1.219,37.2
0,0,0
0,0,0
120745,1.219,37.2
0,0,0
0,0,0
120747,1.219,37.2
0,0,0
0,0,0
120749,1.218,37.2
0,0,0
0,0,0
120751,1.22,37.2
0,0,0
0,0,0
120753,1.22,37.2
0,0,0
0,0,0
120755,1.221,37.2
0,0,0
0,0,0
120757,1.222,37.3
0,0,0
0,0,0
120759,1.224,37.3
0,0,0
0,0,0
120801,1.224,37.3
0,0,0
0,0,0
120803,1.225,37.3
0,0,0
0,0,0
120805,1.225,37.3
0,0,0
0,0,0
120807,1.225,37.3
0,0,0
0,0,0
120809,1.225,37.4
0,0,0
0,0,0
120811,1.226,37.4
0,0,0
0,0,0
120813,1.226,37.4
0,0,0
0,0,0
120815,1.226,37.4
0,0,0
0,0,0
120817,1.226,37.4
0,0,0
0,0,0
120819,1.226,37.4
0,0,0
0,0,0
120821,1.226,37.4
0,0,0
0,0,0
120823,1.228,37.5
0,0,0
0,0,0
120825,1.23,37.5
0,0,0
0,0,0
120827,1.23,37.5
0,0,0
0,0,0
120829,1.231,37.5
0,0,0
0,0,0
120831,1.231,37.5
0,0,0
0,0,0
120833,1.231,37.5
0,0,0
0,0,0
120835,1.232,37.5
0,0,0
0,0,0
120837,1.233,37.5
0,0,0
0,0,0
120839,1.233,37.6
0,0,0
0,0,0
120841,1.233,37.6
0,0,0
0,0,0
120843,1.248,37.6
0,0,0
0,0,0
120845,1.248,37.6
0,0,0
0,0,0
120847,1.248,37.6
0,0,0
0,0,0
120849,1.248,37.6
0,0,0
0,0,0
120851,1.248,37.6
0,0,0
0,0,0
120853,1.249,37.6
0,0,0
0,0,0
120855,1.25,37.6
0,0,0
0,0,0
120857,1.251,37.7
0,0,0
0,0,0
120859,1.252,37.7
0,0,0
0,0,0
120901,1.251,37.7
0,0,0
0,0,0
120903,1.251,37.7
0,0,0
0,0,0
120905,1.251,37.7
0,0,0
0,0,0
120907,1.252,37.7
0,0,0
0,0,0
120909,1.253,37.7
0,0,0
0,0,0
120911,1.254,37.7
0,0,0
0,0,0
120913,1.254,37.7
0,0,0
0,0,0
120915,1.255,37.8
0,0,0
0,0,0
120917,1.255,37.8
0,0,0
0,0,0
120919,1.254,37.8
0,0,0
0,0,0
120921,1.255,37.8
0,0,0
0,0,0
120923,1.255,37.8
0,0,0
0,0,0
120925,1.256,37.8
0,0,0
0,0,0
120927,1.27,37.8
0,0,0
0,0,0
120929,1.27,37.8
0,0,0
0,0,0
120931,1.27,37.8
0,0,0
0,0,0
120933,1.27,37.8
0,0,0
0,0,0
120935,1.271,37.8
0,0,0
0,0,0
120937,1.272,37.9
0,0,0
0,0,0
120939,1.272,37.9
0,0,0
0,0,0
120941,1.273,37.9
0,0,0
0,0,0
120943,1.273,37.9
0,0,0
0,0,0
120945,1.273,37.9
0,0,0
0,0,0
120947,1.273,37.9
0,0,0
0,0,0
120949,1.273,37.9
0,0,0
0,0,0
120951,1.273,37.9
0,0,0
0,0,0
120953,1.273,37.9
0,0,0
0,0,0
120955,1.274,37.9
0,0,0
0,0,0
120957,1.274,37.9
0,0,0
0,0,0
120959,1.275,37.9
0,0,0
0,0,0
121001,1.276,38
0,0,0
0,0,0
121003,1.276,37.9
0,0,0
0,0,0
121005,1.276,38
0,0,0
0,0,0
121007,1.275,38
0,0,0
0,0,0
121009,1.275,38
0,0,0
0,0,0
121011,1.277,38
0,0,0
0,0,0
121013,1.277,38
0,0,0
0,0,0
121015,1.278,38
0,0,0
0,0,0
121017,1.28,38
0,0,0
0,0,0
121019,1.28,38
0,0,0
0,0,0
121021,1.281,38
0,0,0
0,0,0
121023,1.282,38
0,0,0
0,0,0
121025,1.283,38
0,0,0
0,0,0
121027,1.285,38
0,0,0
0,0,0
121029,1.285,38
0,0,0
0,0,0
121031,1.285,38
0,0,0
0,0,0
121033,1.286,38
0,0,0
0,0,0
121035,1.287,38
0,0,0
0,0,0
121037,1.288,38.1
0,0,0
0,0,0
121039,1.288,38.1
0,0,0
0,0,0
121041,1.286,38.1
0,0,0
0,0,0
121043,1.286,38.1
0,0,0
0,0,0
121045,1.285,38.1
0,0,0
0,0,0
121047,1.285,38.1
0,0,0
0,0,0
121049,1.286,38.1
0,0,0
0,0,0
121051,1.288,38.1
0,0,0
0,0,0
121053,1.289,38.1
0,0,0
0,0,0
121055,1.289,38.1
0,0,0
0,0,0
121057,1.29,38.1
0,0,0
0,0,0
121059,1.289,38.1
0,0,0
0,0,0
121101,1.288,38.1
0,0,0
0,0,0
121103,1.289,38.1
0,0,0
0,0,0
121105,1.29,38.1
0,0,0
0,0,0
121107,1.291,38.1
0,0,0
0,0,0
121109,1.292,38.1
0,0,0
0,0,0
121111,1.292,38.1
0,0,0
0,0,0
121113,1.292,38.1
0,0,0
0,0,0
121115,1.292,38.1
0,0,0
0,0,0
121117,1.294,38.1
0,0,0
0,0,0
121119,1.295,38.1
0,0,0
0,0,0
121121,1.295,38.1
0,0,0
0,0,0
121123,1.295,38.1
0,0,0
0,0,0
121125,1.294,38.1
0,0,0
0,0,0
121127,1.295,38.1
0,0,0
0,0,0
121129,1.295,38.1
0,0,0
0,0,0
121131,1.296,38.1
0,0,0
0,0,0
121133,1.296,38.1
0,0,0
0,0,0
121135,1.295,38.1
0,0,0
0,0,0
121137,1.296,38.1
0,0,0
0,0,0
121139,1.297,38.1
0,0,0
0,0,0
121141,1.297,38.1
0,0,0
0,0,0
121143,1.298,38.1
0,0,0
0,0,0
121145,1.297,38.1
0,0,0
0,0,0
121147,1.297,38.1
0,0,0
0,0,0
121149,1.297,38.1
0,0,0
0,0,0
121151,1.297,38.1
0,0,0
0,0,0
121153,1.298,38.1
0,0,0
0,0,0
121155,1.299,38.1
0,0,0
0,0,0
121157,1.299,38.1
0,0,0
0,0,0
121159,1.299,38.1
0,0,0
0,0,0
121201,1.299,38.1
0,0,0
0,0,0
121203,1.3,38.1
0,0,0
0,0,0
121205,1.299,38.1
0,0,0
0,0,0
121207,1.3,38.1
0,0,0
0,0,0
121209,1.3,38.1
0,0,0
0,0,0
121211,1.301,38.1
0,0,0
0,0,0
121213,1.301,38.1
0,0,0
0,0,0
121215,1.302,38.1
0,0,0
0,0,0
121217,1.303,38.1
0,0,0
0,0,0
121219,1.302,38.1
0,0,0
0,0,0
121221,1.304,38.1
0,0,0
0,0,0
121223,1.305,38.1
0,0,0
0,0,0
121225,1.305,38.1
0,0,0
0,0,0
121227,1.305,38.1
0,0,0
0,0,0
121229,1.305,38.1
0,0,0
0,0,0
121231,1.305,38.1
0,0,0
0,0,0
121233,1.305,38.1
0,0,0
0,0,0
121235,1.305,38.1
0,0,0
0,0,0
121237,1.306,38.1
0,0,0
0,0,0
121239,1.307,38.1
0,0,0
0,0,0
121241,1.307,38.1
0,0,0
0,0,0
121243,1.308,38.1
0,0,0
0,0,0
121245,1.309,38.1
0,0,0
0,0,0
121247,1.31,38.1
0,0,0
0,0,0
121249,1.31,38.1
0,0,0
0,0,0
121251,1.311,38.1
0,0,0
0,0,0
121253,1.312,38.1
0,0,0
0,0,0
121255,1.312,38.1
0,0,0
0,0,0
121257,1.311,38.1
0,0,0
0,0,0
121259,1.311,38.1
0,0,0
0,0,0
121301,1.311,38.1
0,0,0
0,0,0
121303,1.312,38.1
0,0,0
0,0,0
121305,1.312,38.1
0,0,0
0,0,0
121307,1.312,38.1
0,0,0
0,0,0
121309,1.313,38.1
0,0,0
0,0,0
121311,1.312,38.1
0,0,0
0,0,0
121313,1.314,38.1
0,0,0
0,0,0
121315,1.316,38.1
0,0,0
0,0,0
121317,1.317,38.1
0,0,0
0,0,0
121319,1.319,38.1
0,0,0
0,0,0
121321,1.32,38.1
0,0,0
0,0,0
121323,1.32,38
0,0,0
0,0,0
121325,1.321,38
0,0,0
0,0,0
121327,1.322,38
0,0,0
0,0,0
121329,1.322,38
0,0,0
0,0,0
121331,1.323,38
0,0,0
0,0,0
121333,1.325,38
0,0,0
0,0,0
121335,1.326,38
0,0,0
0,0,0
121337,1.326,38
0,0,0
0,0,0
121339,1.326,38
0,0,0
0,0,0
121341,1.327,38
0,0,0
0,0,0
121343,1.328,38
0,0,0
0,0,0
121345,1.329,38
0,0,0
0,0,0
121347,1.329,38
0,0,0
0,0,0
121349,1.328,38
0,0,0
0,0,0
121351,1.328,38
0,0,0
0,0,0
121353,1.328,38
0,0,0
0,0,0
121355,1.329,38
0,0,0
0,0,0
121357,1.33,38
0,0,0
0,0,0
121359,1.331,38
0,0,0
0,0,0
121401,1.331,38
0,0,0
0,0,0
121403,1.331,38
0,0,0
0,0,0
121405,1.331,38
0,0,0
0,0,0
121407,1.332,37.9
0,0,0
0,0,0
121409,1.334,37.9
0,0,0
0,0,0
121411,1.336,37.9
0,0,0
0,0,0
121413,1.336,37.9
0,0,0
0,0,0
121415,1.336,37.9
0,0,0
0,0,0
121417,1.336,37.9
0,0,0
0,0,0
121419,1.336,37.9
0,0,0
0,0,0
121421,1.336,37.9
0,0,0
0,0,0
121423,1.336,37.9
0,0,0
0,0,0
121425,1.337,37.9
0,0,0
0,0,0
121427,1.338,37.9
0,0,0
0,0,0
121429,1.338,37.9
0,0,0
0,0,0
121431,1.339,37.9
0,0,0
0,0,0
121433,1.339,37.9
0,0,0
0,0,0
121435,1.339,37.9
0,0,0
0,0,0
121437,1.339,37.9
0,0,0
0,0,0
121439,1.339,37.9
0,0,0
0,0,0
121441,1.34,37.8
0,0,0
0,0,0
121443,1.341,37.8
0,0,0
0,0,0
121445,1.341,37.8
0,0,0
0,0,0
121447,1.341,37.8
0,0,0
0,0,0
121449,1.341,37.8
0,0,0
0,0,0
121451,1.341,37.8
0,0,0
0,0,0
121453,1.342,37.8
0,0,0
0,0,0
121455,1.342,37.8
0,0,0
0,0,0
121457,1.341,37.8
0,0,0
0,0,0
121459,1.342,37.8
0,0,0
0,0,0
121501,1.342,37.8
0,0,0
0,0,0
121503,1.342,37.8
0,0,0
0,0,0
121505,1.343,37.8
0,0,0
0,0,0
121507,1.343,37.8
0,0,0
0,0,0
121509,1.343,37.7
0,0,0
0,0,0
121511,1.344,37.7
0,0,0
0,0,0
121513,1.344,37.7
0,0,0
0,0,0
121515,1.345,37.7
0,0,0
0,0,0
121517,1.346,37.7
0,0,0
0,0,0
121519,1.346,37.7
0,0,0
0,0,0
121521,1.347,37.7
0,0,0
0,0,0
121523,1.346,37.7
0,0,0
0,0,0
121525,1.347,37.7
0,0,0
0,0,0
121527,1.347,37.7
0,0,0
0,0,0
121529,1.346,37.7
0,0,0
0,0,0
121531,1.346,37.7
0,0,0
0,0,0
121533,1.347,37.7
0,0,0
0,0,0
121535,1.347,37.6
0,0,0
0,0,0
121537,1.349,37.6
0,0,0
0,0,0
121539,1.35,37.6
0,0,0
0,0,0
121541,1.35,37.6
0,0,0
0,0,0
121543,1.352,37.6
0,0,0
0,0,0
121545,1.351,37.6
0,0,0
0,0,0
121547,1.351,37.6
0,0,0
0,0,0
121549,1.351,37.6
0,0,0
0,0,0
121551,1.35,37.6
0,0,0
0,0,0
121553,1.351,37.6
0,0,0
0,0,0
121555,1.352,37.6
0,0,0
0,0,0
121557,1.352,37.6
0,0,0
0,0,0
121559,1.352,37.5
0,0,0
0,0,0
121601,1.352,37.5
0,0,0
0,0,0
121603,1.353,37.5
0,0,0
0,0,0
121605,1.354,37.5
0,0,0
0,0,0
121607,1.354,37.5
0,0,0
0,0,0
121609,1.354,37.5
0,0,0
0,0,0
121611,1.354,37.5
0,0,0
0,0,0
121613,1.353,37.5
0,0,0
0,0,0
121615,1.354,37.5
0,0,0
0,0,0
121617,1.354,37.5
0,0,0
0,0,0
121619,1.355,37.5
0,0,0
0,0,0
121621,1.356,37.5
0,0,0
0,0,0
121623,1.356,37.5
0,0,0
0,0,0
121625,1.356,37.4
0,0,0
0,0,0
121627,1.357,37.4
0,0,0
0,0,0
121629,1.358,37.4
0,0,0
0,0,0
121631,1.359,37.4
0,0,0
0,0,0
121633,1.359,37.4
0,0,0
0,0,0
121635,1.359,37.4
0,0,0
0,0,0
121637,1.358,37.4
0,0,0
0,0,0
121639,1.358,37.4
0,0,0
0,0,0
121641,1.358,37.4
0,0,0
0,0,0
121643,1.358,37.4
0,0,0
0,0,0
121645,1.358,37.4
0,0,0
0,0,0
121647,1.359,37.3
0,0,0
0,0,0
121649,1.36,37.3
0,0,0
0,0,0
121651,1.36,37.3
0,0,0
0,0,0
121653,1.361,37.3
0,0,0
0,0,0
121655,1.362,37.3
0,0,0
0,0,0
121657,1.362,37.3
0,0,0
0,0,0
121659,1.362,37.3
0,0,0
0,0,0
121701,1.362,37.3
0,0,0
0,0,0
121703,1.361,37.3
0,0,0
0,0,0
121705,1.361,37.2
0,0,0
0,0,0
121707,1.363,37.2
0,0,0
0,0,0
121709,1.364,37.2
0,0,0
0,0,0
121711,1.364,37.2
0,0,0
0,0,0
121713,1.365,37.2
0,0,0
0,0,0
121715,1.364,37.2
0,0,0
0,0,0
121717,1.365,37.2
0,0,0
0,0,0
121719,1.366,37.2
0,0,0
0,0,0
121721,1.366,37.2
0,0,0
0,0,0
121723,1.366,37.2
0,0,0
0,0,0
121725,1.366,37.2
0,0,0
0,0,0
121727,1.365,37.1
0,0,0
0,0,0
121729,1.365,37.1
0,0,0
0,0,0
121731,1.366,37.1
0,0,0
0,0,0
121733,1.366,37.1
0,0,0
0,0,0
121735,1.367,37.1
0,0,0
0,0,0
121737,1.368,37.1
0,0,0
0,0,0
121739,1.368,37.1
0,0,0
0,0,0
121741,1.368,37.1
0,0,0
0,0,0
121743,1.368,37.1
0,0,0
0,0,0
121745,1.368,37.1
0,0,0
0,0,0
121747,1.367,37.1
0,0,0
0,0,0
121749,1.368,37
0,0,0
0,0,0
121751,1.369,37
0,0,0
0,0,0
121753,1.37,37
0,0,0
0,0,0
121755,1.371,37
0,0,0
0,0,0
121757,1.371,37
0,0,0
0,0,0
121759,1.372,37
0,0,0
0,0,0
121801,1.373,37
0,0,0
0,0,0
121803,1.373,37
0,0,0
0,0,0
121805,1.373,37
0,0,0
0,0,0
121807,1.372,36.9
0,0,0
0,0,0
121809,1.372,36.9
0,0,0
0,0,0
121811,1.372,36.9
0,0,0
0,0,0
121813,1.373,36.9
0,0,0
0,0,0
121815,1.374,36.9
0,0,0
0,0,0
121817,1.374,36.9
0,0,0
0,0,0
121819,1.375,36.9
0,0,0
0,0,0
121821,1.375,36.9
0,0,0
0,0,0
121823,1.374,36.9
0,0,0
0,0,0
121825,1.375,36.8
0,0,0
0,0,0
121827,1.376,36.8
0,0,0
0,0,0
121829,1.377,36.8
0,0,0
0,0,0
121831,1.378,36.8
0,0,0
0,0,0
121833,1.378,36.8
0,0,0
0,0,0
121835,1.377,36.8
0,0,0
0,0,0
121837,1.378,36.8
0,0,0
0,0,0
121839,1.378,36.8
0,0,0
0,0,0
121841,1.379,36.8
0,0,0
0,0,0
121843,1.379,36.8
0,0,0
0,0,0
121845,1.379,36.7
0,0,0
0,0,0
121847,1.379,36.7
0,0,0
0,0,0
121849,1.379,36.7
0,0,0
0,0,0
121851,1.379,36.7
0,0,0
0,0,0
121853,1.381,36.7
0,0,0
0,0,0
121855,1.381,36.7
0,0,0
0,0,0
121857,1.381,36.7
0,0,0
0,0,0
121859,1.38,36.7
0,0,0
0,0,0
121901,1.38,36.7
0,0,0
0,0,0
121903,1.38,36.6
0,0,0
0,0,0
121905,1.38,36.6
0,0,0
0,0,0
121907,1.379,36.6
0,0,0
0,0,0
121909,1.381,36.6
0,0,0
0,0,0
121911,1.382,36.6
0,0,0
0,0,0
121913,1.383,36.6
0,0,0
0,0,0
121915,1.383,36.6
0,0,0
0,0,0
121917,1.383,36.6
0,0,0
0,0,0
121919,1.383,36.6
0,0,0
0,0,0
121921,1.383,36.5
0,0,0
0,0,0
121923,1.383,36.5
0,0,0
0,0,0
121925,1.383,36.5
0,0,0
0,0,0
121927,1.384,36.5
0,0,0
0,0,0
121929,1.385,36.5
0,0,0
0,0,0
121931,1.385,36.5
0,0,0
0,0,0
121933,1.386,36.5
0,0,0
0,0,0
121935,1.386,36.4
0,0,0
0,0,0
121937,1.385,36.4
0,0,0
0,0,0
121939,1.386,36.4
0,0,0
0,0,0
121941,1.387,36.4
0,0,0
0,0,0
121943,1.387,36.4
0,0,0
0,0,0
121945,1.387,36.4
0,0,0
0,0,0
121947,1.388,36.4
0,0,0
0,0,0
121949,1.388,36.4
0,0,0
0,0,0
121951,1.387,36.4
0,0,0
0,0,0
121953,1.388,36.4
0,0,0
0,0,0
121955,1.386,36.3
0,0,0
0,0,0
121957,1.388,36.3
0,0,0
0,0,0
121959,1.389,36.3
0,0,0
0,0,0
122001,1.39,36.3
0,0,0
0,0,0
122003,1.39,36.3
0,0,0
0,0,0
122005,1.39,36.3
0,0,0
0,0,0
122007,1.389,36.3
0,0,0
0,0,0
122009,1.389,36.3
0,0,0
0,0,0
122011,1.388,36.3
0,0,0
0,0,0
122013,1.389,36.2
0,0,0
0,0,0
122015,1.391,36.2
0,0,0
0,0,0
122017,1.391,36.2
0,0,0
0,0,0
122019,1.391,36.2
0,0,0
0,0,0
122021,1.393,36.2
0,0,0
0,0,0
122023,1.394,36.2
0,0,0
0,0,0
122025,1.393,36.2
0,0,0
0,0,0
122027,1.394,36.2
0,0,0
0,0,0
122029,1.394,36.1
0,0,0
0,0,0
122031,1.394,36.1
0,0,0
0,0,0
122033,1.395,36.1
0,0,0
0,0,0
122035,1.394,36.1
0,0,0
0,0,0
122037,1.395,36.1
0,0,0
0,0,0
122039,1.395,36.1
0,0,0
0,0,0
122041,1.395,36.1
0,0,0
0,0,0
122043,1.395,36.1
0,0,0
0,0,0
122045,1.394,36.1
0,0,0
0,0,0
122047,1.394,36.1
0,0,0
0,0,0
122049,1.394,36
0,0,0
0,0,0
122051,1.395,36
0,0,0
0,0,0
122053,1.396,36
0,0,0
0,0,0
122055,1.397,36
0,0,0
0,0,0
122057,1.397,36
0,0,0
0,0,0
122059,1.397,36
0,0,0
0,0,0
122101,1.396,36
0,0,0
0,0,0
122103,1.396,36
0,0,0
0,0,0
122105,1.396,35.9
0,0,0
0,0,0
122107,1.397,35.9
0,0,0
0,0,0
122109,1.397,35.9
0,0,0
0,0,0
122111,1.398,35.9
0,0,0
0,0,0
122113,1.4,35.9
0,0,0
0,0,0
122115,1.399,35.9
0,0,0
0,0,0
122117,1.399,35.9
0,0,0
0,0,0
122119,1.399,35.9
0,0,0
0,0,0
122121,1.399,35.9
0,0,0
0,0,0
122123,1.398,35.8
0,0,0
0,0,0
122125,1.399,35.8
0,0,0
0,0,0
122127,1.4,35.8
0,0,0
0,0,0
122129,1.401,35.8
0,0,0
0,0,0
122131,1.401,35.8
0,0,0
0,0,0
122133,1.4,35.8
0,0,0
0,0,0
122135,1.4,35.8
0,0,0
0,0,0
122137,1.4,35.8
0,0,0
0,0,0
122139,1.4,35.7
0,0,0
0,0,0
122141,1.401,35.7
0,0,0
0,0,0
122143,1.403,35.7
0,0,0
0,0,0
122145,1.404,35.7
0,0,0
0,0,0
122147,1.405,35.7
0,0,0
0,0,0
122149,1.404,35.7
0,0,0
0,0,0
122151,1.404,35.7
0,0,0
0,0,0
122153,1.404,35.7
0,0,0
0,0,0
122155,1.403,35.6
0,0,0
0,0,0
122157,1.404,35.6
0,0,0
0,0,0
122159,1.404,35.6
0,0,0
0,0,0
122201,1.404,35.6
0,0,0
0,0,0
122203,1.404,35.6
0,0,0
0,0,0
122205,1.405,35.6
0,0,0
0,0,0
122207,1.406,35.6
0,0,0
0,0,0
122209,1.406,35.6
0,0,0
0,0,0
122211,1.406,35.6
0,0,0
0,0,0
122213,1.405,35.5
0,0,0
0,0,0
122215,1.407,35.5
0,0,0
0,0,0
122217,1.408,35.5
0,0,0
0,0,0
122219,1.408,35.5
0,0,0
0,0,0
122221,1.409,35.5
0,0,0
0,0,0
122223,1.411,35.5
0,0,0
0,0,0
122225,1.409,35.5
0,0,0
0,0,0
122227,1.409,35.5
0,0,0
0,0,0
122229,1.408,35.4
0,0,0
0,0,0
122231,1.408,35.4
0,0,0
0,0,0
122233,1.409,35.4
0,0,0
0,0,0
122235,1.409,35.4
0,0,0
0,0,0
122237,1.409,35.4
0,0,0
0,0,0
122239,1.41,35.4
0,0,0
0,0,0
122241,1.409,35.4
0,0,0
0,0,0
122243,1.409,35.4
0,0,0
0,0,0
122245,1.41,35.4
0,0,0
0,0,0
122247,1.41,35.3
0,0,0
0,0,0
122249,1.411,35.3
0,0,0
0,0,0
122251,1.411,35.3
0,0,0
0,0,0
122253,1.412,35.3
0,0,0
0,0,0
122255,1.413,35.3
0,0,0
0,0,0
122257,1.413,35.3
0,0,0
0,0,0
122259,1.412,35.3
0,0,0
0,0,0
122301,1.412,35.3
0,0,0
0,0,0
122303,1.412,35.3
0,0,0
0,0,0
122305,1.411,35.2
0,0,0
0,0,0
122307,1.411,35.2
0,0,0
0,0,0
122309,1.413,35.2
0,0,0
0,0,0
122311,1.412,35.2
0,0,0
0,0,0
122313,1.414,35.2
0,0,0
0,0,0
122315,1.414,35.2
0,0,0
0,0,0
122317,1.414,35.2
0,0,0
0,0,0
122319,1.414,35.2
0,0,0
0,0,0
122321,1.415,35.2
0,0,0
0,0,0
122323,1.416,35.1
0,0,0
0,0,0
122325,1.417,35.1
0,0,0
0,0,0
122327,1.417,35.1
0,0,0
0,0,0
122329,1.417,35.1
0,0,0
0,0,0
122331,1.417,35.1
0,0,0
0,0,0
122333,1.417,35.1
0,0,0
0,0,0
122335,1.417,35.1
0,0,0
0,0,0
122337,1.417,35.1
0,0,0
0,0,0
122339,1.417,35
0,0,0
0,0,0
122341,1.417,35
0,0,0
0,0,0
122343,1.416,35
0,0,0
0,0,0
122345,1.416,35
0,0,0
0,0,0
122347,1.417,35
0,0,0
0,0,0
122349,1.418,35
0,0,0
0,0,0
122351,1.418,35
0,0,0
0,0,0
122353,1.418,35
0,0,0
0,0,0
122355,1.418,35
0,0,0
0,0,0
122357,1.419,34.9
0,0,0
0,0,0
122359,1.419,34.9
0,0,0
0,0,0
122401,1.42,34.9
0,0,0
0,0,0
122403,1.422,34.9
0,0,0
0,0,0
122405,1.422,34.9
0,0,0
0,0,0
122407,1.421,34.9
0,0,0
0,0,0
122409,1.42,34.9
0,0,0
0,0,0
122411,1.419,34.9
0,0,0
0,0,0
122413,1.42,34.9
0,0,0
0,0,0
122415,1.419,34.8
0,0,0
0,0,0
122417,1.421,34.8
0,0,0
0,0,0
122419,1.422,34.8
0,0,0
0,0,0
122421,1.422,34.8
0,0,0
0,0,0
122423,1.422,34.8
0,0,0
0,0,0
122425,1.423,34.8
0,0,0
0,0,0
122427,1.422,34.8
0,0,0
0,0,0
122429,1.398,34.8
0,0,0
0,0,0
122431,1.397,34.7
0,0,0
0,0,0
122433,1.397,34.7
0,0,0
0,0,0
122435,1.396,34.7
0,0,0
0,0,0
122437,1.396,34.7
0,0,0
0,0,0
122439,1.396,34.7
0,0,0
0,0,0
122441,1.395,34.7
0,0,0
0,0,0
122443,1.395,34.7
0,0,0
0,0,0
122445,1.394,34.7
0,0,0
0,0,0
122447,1.393,34.7
0,0,0
0,0,0
122449,1.392,34.7
0,0,0
0,0,0
122451,1.392,34.7
0,0,0
0,0,0
122453,1.391,34.7
0,0,0
0,0,0
122455,1.391,34.7
0,0,0
0,0,0
122457,1.391,34.7
0,0,0
0,0,0
122459,1.39,34.7
0,0,0
0,0,0
122501,1.39,34.7
0,0,0
0,0,0
122503,1.389,34.6
0,0,0
0,0,0
122505,1.389,34.6
0,0,0
0,0,0
122507,1.39,34.6
0,0,0
0,0,0
122509,1.39,34.6
0,0,0
0,0,0
122511,1.39,34.6
0,0,0
0,0,0
122513,1.39,34.6
0,0,0
0,0,0
122515,1.389,34.6
0,0,0
0,0,0
122517,1.389,34.6
0,0,0
0,0,0
122519,1.389,34.6
0,0,0
0,0,0
122521,1.389,34.6
0,0,0
0,0,0
122523,1.388,34.6
0,0,0
0,0,0
122525,1.388,34.6
0,0,0
0,0,0
122527,1.388,34.6
0,0,0
0,0,0
122529,1.387,34.6
0,0,0
0,0,0
122531,1.387,34.6
0,0,0
0,0,0
122533,1.386,34.6
0,0,0
0,0,0
122535,1.386,34.6
0,0,0
0,0,0
122537,1.386,34.6
0,0,0
0,0,0
122539,1.386,34.6
0,0,0
0,0,0
122541,1.385,34.6
0,0,0
0,0,0
122543,1.385,34.6
0,0,0
0,0,0
122545,1.384,34.6
0,0,0
0,0,0
122547,1.384,34.6
0,0,0
0,0,0
122549,1.383,34.6
0,0,0
0,0,0
122551,1.383,34.5
0,0,0
0,0,0
122553,1.383,34.5
0,0,0
0,0,0
122555,1.383,34.5
0,0,0
0,0,0
122557,1.384,34.5
0,0,0
0,0,0
122559,1.384,34.5
0,0,0
0,0,0
122601,1.395,34.5
0,0,0
0,0,0
122603,1.418,34.5
0,0,0
0,0,0
122605,1.42,34.5
0,0,0
0,0,0
122607,1.423,34.5
0,0,0
0,0,0
122609,1.426,34.5
0,0,0
0,0,0
122611,1.429,34.4
0,0,0
0,0,0
122613,1.43,34.4
0,0,0
0,0,0
122615,1.431,34.4
0,0,0
0,0,0
122617,1.431,34.4
0,0,0
0,0,0
122619,1.431,34.3
0,0,0
0,0,0
122621,1.432,34.3
0,0,0
0,0,0
122623,1.433,34.3
0,0,0
0,0,0
122625,1.433,34.3
0,0,0
0,0,0
122627,1.434,34.2
0,0,0
0,0,0
122629,1.434,34.2
0,0,0
0,0,0
122631,1.433,34.2
0,0,0
0,0,0
122633,1.434,34.2
0,0,0
0,0,0
122635,1.434,34.2
0,0,0
0,0,0
122637,1.434,34.2
0,0,0
0,0,0
122639,1.435,34.1
0,0,0
0,0,0
122641,1.437,34.1
0,0,0
0,0,0
122643,1.438,34.1
0,0,0
0,0,0
122645,1.438,34.1
0,0,0
0,0,0
122647,1.438,34.1
0,0,0
0,0,0
122649,1.437,34.1
0,0,0
0,0,0
122651,1.436,34.1
0,0,0
0,0,0
122653,1.436,34.1
0,0,0
0,0,0
122655,1.436,34
0,0,0
0,0,0
122657,1.436,34
0,0,0
0,0,0
122659,1.437,34
0,0,0
0,0,0
122701,1.438,34
0,0,0
0,0,0
122703,1.439,34
0,0,0
0,0,0
122705,1.44,34
0,0,0
0,0,0
122707,1.44,34
0,0,0
0,0,0
122709,1.44,33.9
0,0,0
0,0,0
122711,1.44,33.9
0,0,0
0,0,0
122713,1.441,33.9
0,0,0
0,0,0
122715,1.441,33.9
0,0,0
0,0,0
122717,1.441,33.9
0,0,0
0,0,0
122719,1.441,33.9
0,0,0
0,0,0
122721,1.441,33.9
0,0,0
0,0,0
122723,1.441,33.9
0,0,0
0,0,0
122725,1.441,33.9
0,0,0
0,0,0
122727,1.442,33.8
0,0,0
0,0,0
122729,1.443,33.8
0,0,0
0,0,0
122731,1.444,33.8
0,0,0
0,0,0
122733,1.444,33.8
0,0,0
0,0,0
122735,1.444,33.8
0,0,0
0,0,0
122737,1.443,33.8
0,0,0
0,0,0
122739,1.443,33.8
0,0,0
0,0,0
122741,1.443,33.8
0,0,0
0,0,0
122743,1.442,33.8
0,0,0
0,0,0
122745,1.442,33.7
0,0,0
0,0,0
122747,1.442,33.7
0,0,0
0,0,0
122749,1.443,33.7
0,0,0
0,0,0
122751,1.443,33.7
0,0,0
0,0,0
122753,1.444,33.7
0,0,0
0,0,0
122755,1.445,33.7
0,0,0
0,0,0
122757,1.446,33.7
0,0,0
0,0,0
122759,1.446,33.7
0,0,0
0,0,0
122801,1.446,33.7
0,0,0
0,0,0
122803,1.446,33.6
0,0,0
0,0,0
122805,1.447,33.6
0,0,0
0,0,0
122807,1.446,33.6
0,0,0
0,0,0
122809,1.447,33.6
0,0,0
0,0,0
122811,1.448,33.6
0,0,0
0,0,0
122813,1.447,33.6
0,0,0
0,0,0
122815,1.447,33.6
0,0,0
0,0,0
122817,1.447,33.6
0,0,0
0,0,0
122819,1.447,33.5
0,0,0
0,0,0
122821,1.448,33.5
0,0,0
0,0,0
122823,1.448,33.5
0,0,0
0,0,0
122825,1.449,33.5
0,0,0
0,0,0
122827,1.45,33.5
0,0,0
0,0,0
122829,1.45,33.5
0,0,0
0,0,0
122831,1.45,33.5
0,0,0
0,0,0
122833,1.45,33.5
0,0,0
0,0,0
122835,1.45,33.5
0,0,0
0,0,0
122837,1.449,33.5
0,0,0
0,0,0
122839,1.449,33.4
0,0,0
0,0,0
122841,1.449,33.4
0,0,0
0,0,0
122843,1.45,33.4
0,0,0
0,0,0
122845,1.451,33.4
0,0,0
0,0,0
122847,1.451,33.4
0,0,0
0,0,0
122849,1.451,33.4
0,0,0
0,0,0
122851,1.451,33.4
0,0,0
0,0,0
122853,1.451,33.4
0,0,0
0,0,0
122855,1.451,33.4
0,0,0
0,0,0
122857,1.45,33.3
0,0,0
0,0,0
122859,1.452,33.3
0,0,0
0,0,0
122901,1.452,33.3
0,0,0
0,0,0
122903,1.453,33.3
0,0,0
0,0,0
122905,1.454,33.3
0,0,0
0,0,0
122907,1.454,33.3
0,0,0
0,0,0
122909,1.454,33.3
0,0,0
0,0,0
122911,1.453,33.3
0,0,0
0,0,0
122913,1.453,33.3
0,0,0
0,0,0
122915,1.452,33.3
0,0,0
0,0,0
122917,1.451,33.2
0,0,0
0,0,0
122919,1.453,33.2
0,0,0
0,0,0
122921,1.454,33.2
0,0,0
0,0,0
122923,1.456,33.2
0,0,0
0,0,0
122925,1.457,33.2
0,0,0
0,0,0
122927,1.455,33.2
0,0,0
0,0,0
122929,1.455,33.2
0,0,0
0,0,0
122931,1.455,33.2
0,0,0
0,0,0
122933,1.455,33.2
0,0,0
0,0,0
122935,1.455,33.2
0,0,0
0,0,0
122937,1.455,33.1
0,0,0
0,0,0
122939,1.454,33.1
0,0,0
0,0,0
122941,1.455,33.1
0,0,0
0,0,0
122943,1.454,33.1
0,0,0
0,0,0
122945,1.456,33.1
0,0,0
0,0,0
122947,1.457,33.1
0,0,0
0,0,0
122949,1.456,33.1
0,0,0
0,0,0
122951,1.457,33.1
0,0,0
0,0,0
122953,1.457,33.1
0,0,0
0,0,0
122955,1.457,33.1
0,0,0
0,0,0
122957,1.456,33
0,0,0
0,0,0
122959,1.457,33
0,0,0
0,0,0
123001,1.457,33
0,0,0
0,0,0
123003,1.458,33
0,0,0
0,0,0
123005,1.459,33
0,0,0
0,0,0
123007,1.459,33
0,0,0
0,0,0
123009,1.459,33
0,0,0
0,0,0
123011,1.459,33
0,0,0
0,0,0
123013,1.459,33
0,0,0
0,0,0
123015,1.459,32.9
0,0,0
0,0,0
123017,1.46,32.9
0,0,0
0,0,0
123019,1.459,32.9
0,0,0
0,0,0
123021,1.46,32.9
0,0,0
0,0,0
123023,1.461,32.9
0,0,0
0,0,0
123025,1.46,32.9
0,0,0
0,0,0
123027,1.461,32.9
0,0,0
0,0,0
123029,1.46,32.9
0,0,0
0,0,0
123031,1.46,32.9
0,0,0
0,0,0
123033,1.46,32.9
0,0,0
0,0,0
123035,1.461,32.8
0,0,0
0,0,0
123037,1.461,32.8
0,0,0
0,0,0
123039,1.463,32.8
0,0,0
0,0,0
123041,1.462,32.8
0,0,0
0,0,0
123043,1.463,32.8
0,0,0
0,0,0
123045,1.463,32.8
0,0,0
0,0,0
123047,1.462,32.8
0,0,0
0,0,0
123049,1.462,32.8
0,0,0
0,0,0
123051,1.462,32.8
0,0,0
0,0,0
123053,1.462,32.8
0,0,0
0,0,0
123055,1.463,32.7
0,0,0
0,0,0
123057,1.464,32.7
0,0,0
0,0,0
123059,1.464,32.7
0,0,0
0,0,0
123101,1.463,32.7
0,0,0
0,0,0
123103,1.463,32.7
0,0,0
0,0,0
123105,1.463,32.7
0,0,0
0,0,0
123107,1.462,32.7
0,0,0
0,0,0
123109,1.462,32.7
0,0,0
0,0,0
123111,1.464,32.7
0,0,0
0,0,0
123113,1.464,32.7
0,0,0
0,0,0
123115,1.464,32.6
0,0,0
0,0,0
123117,1.466,32.6
0,0,0
0,0,0
123119,1.466,32.6
0,0,0
0,0,0
123121,1.467,32.6
0,0,0
0,0,0
123123,1.467,32.6
0,0,0
0,0,0
123125,1.466,32.6
0,0,0
0,0,0
123127,1.466,32.6
0,0,0
0,0,0
123129,1.465,32.6
0,0,0
0,0,0
123131,1.465,32.6
0,0,0
0,0,0
123133,1.465,32.5
0,0,0
0,0,0
123135,1.465,32.5
0,0,0
0,0,0
123137,1.466,32.5
0,0,0
0,0,0
123139,1.466,32.5
0,0,0
0,0,0
123141,1.467,32.5
0,0,0
0,0,0
123143,1.468,32.5
0,0,0
0,0,0
123145,1.468,32.5
0,0,0
0,0,0
123147,1.468,32.5
0,0,0
0,0,0
123149,1.468,32.5
0,0,0
0,0,0
123151,1.467,32.5
0,0,0
0,0,0
123153,1.467,32.4
0,0,0
0,0,0
123155,1.468,32.4
0,0,0
0,0,0
123157,1.468,32.4
0,0,0
0,0,0
123159,1.471,32.4
0,0,0
0,0,0
123201,1.471,32.4
0,0,0
0,0,0
123203,1.47,32.4
0,0,0
0,0,0
123205,1.47,32.4
0,0,0
0,0,0
123207,1.47,32.4
0,0,0
0,0,0
123209,1.469,32.4
0,0,0
0,0,0
123211,1.469,32.4
0,0,0
0,0,0
123213,1.468,32.4
0,0,0
0,0,0
123215,1.468,32.3
0,0,0
0,0,0
123217,1.469,32.3
0,0,0
0,0,0
123219,1.47,32.3
0,0,0
0,0,0
123221,1.471,32.3
0,0,0
0,0,0
123223,1.472,32.3
0,0,0
0,0,0
123225,1.472,32.3
0,0,0
0,0,0
123227,1.471,32.3
0,0,0
0,0,0
123229,1.471,32.3
0,0,0
0,0,0
123231,1.471,32.3
0,0,0
0,0,0
123233,1.47,32.3
0,0,0
0,0,0
123235,1.469,32.2
0,0,0
0,0,0
123237,1.471,32.2
0,0,0
0,0,0
123239,1.472,32.2
0,0,0
0,0,0
123241,1.473,32.2
0,0,0
0,0,0
123243,1.474,32.2
0,0,0
0,0,0
123245,1.473,32.2
0,0,0
0,0,0
123247,1.473,32.2
0,0,0
0,0,0
123249,1.473,32.2
0,0,0
0,0,0
123251,1.474,32.2
0,0,0
0,0,0
123253,1.474,32.2
0,0,0
0,0,0
123255,1.474,32.1
0,0,0
0,0,0
123257,1.473,32.1
0,0,0
0,0,0
123259,1.474,32.1
0,0,0
0,0,0
123301,1.475,32.1
0,0,0
0,0,0
123303,1.475,32.1
0,0,0
0,0,0
123305,1.475,32.1
0,0,0
0,0,0
123307,1.475,32.1
0,0,0
0,0,0
123309,1.474,32.1
0,0,0
0,0,0
123311,1.474,32.1
0,0,0
0,0,0
123313,1.475,32.1
0,0,0
0,0,0
123315,1.475,32.1
0,0,0
0,0,0
123317,1.475,32
0,0,0
0,0,0
123319,1.476,32
0,0,0
0,0,0
123321,1.476,32
0,0,0
0,0,0
123323,1.476,32
0,0,0
0,0,0
123325,1.476,32
0,0,0
0,0,0
123327,1.476,32
0,0,0
0,0,0
123329,1.476,32
0,0,0
0,0,0
123331,1.476,32
0,0,0
0,0,0
123333,1.477,32
0,0,0
0,0,0
123335,1.477,32
0,0,0
0,0,0
123337,1.476,32
0,0,0
0,0,0
123339,1.476,31.9
0,0,0
0,0,0
123341,1.476,31.9
0,0,0
0,0,0
123343,1.477,31.9
0,0,0
0,0,0
123345,1.478,31.9
0,0,0
0,0,0
123347,1.479,31.9
0,0,0
0,0,0
123349,1.479,31.9
0,0,0
0,0,0
123351,1.478,31.9
0,0,0
0,0,0
123353,1.478,31.9
0,0,0
0,0,0
123355,1.479,31.9
0,0,0
0,0,0
123357,1.478,31.8
0,0,0
0,0,0
123359,1.478,31.8
0,0,0
0,0,0
123401,1.48,31.8
0,0,0
0,0,0
123403,1.48,31.8
0,0,0
0,0,0
123405,1.48,31.8
0,0,0
0,0,0
123407,1.48,31.8
0,0,0
0,0,0
123409,1.48,31.8
0,0,0
0,0,0
123411,1.479,31.8
0,0,0
0,0,0
123413,1.479,31.8
0,0,0
0,0,0
123415,1.479,31.8
0,0,0
0,0,0
123417,1.48,31.8
0,0,0
0,0,0
123419,1.48,31.8
0,0,0
0,0,0
123421,1.48,31.8
0,0,0
0,0,0
123423,1.481,31.8
0,0,0
0,0,0
123425,1.481,31.7
0,0,0
0,0,0
123427,1.481,31.7
0,0,0
0,0,0
123429,1.482,31.7
0,0,0
0,0,0
123431,1.483,31.7
0,0,0
0,0,0
123433,1.483,31.7
0,0,0
0,0,0
123435,1.483,31.7
0,0,0
0,0,0
123437,1.483,31.7
0,0,0
0,0,0
123439,1.483,31.7
0,0,0
0,0,0
123441,1.483,31.7
0,0,0
0,0,0
123443,1.482,31.6
0,0,0
0,0,0
123445,1.483,31.6
0,0,0
0,0,0
123447,1.484,31.6
0,0,0
0,0,0
123449,1.484,31.6
0,0,0
0,0,0
123451,1.485,31.6
0,0,0
0,0,0
123453,1.486,31.6
0,0,0
0,0,0
123455,1.486,31.6
0,0,0
0,0,0
123457,1.485,31.6
0,0,0
0,0,0
123459,1.485,31.6
0,0,0
0,0,0
123501,1.485,31.6
0,0,0
0,0,0
123503,1.486,31.6
0,0,0
0,0,0
123505,1.485,31.6
0,0,0
0,0,0
123507,1.485,31.5
0,0,0
0,0,0
123509,1.485,31.5
0,0,0
0,0,0
123511,1.486,31.5
0,0,0
0,0,0
123513,1.486,31.5
0,0,0
0,0,0
123515,1.487,31.5
0,0,0
0,0,0
123517,1.487,31.5
0,0,0
0,0,0
123519,1.486,31.5
0,0,0
0,0,0
123521,1.486,31.5
0,0,0
0,0,0
123523,1.486,31.5
0,0,0
0,0,0
123525,1.486,31.5
0,0,0
0,0,0
123527,1.486,31.5
0,0,0
0,0,0
123529,1.487,31.5
0,0,0
0,0,0
123531,1.487,31.4
0,0,0
0,0,0
123533,1.486,31.4
0,0,0
0,0,0
123535,1.487,31.4
0,0,0
0,0,0
123537,1.488,31.4
0,0,0
0,0,0
123539,1.488,31.4
0,0,0
0,0,0
123541,1.489,31.4
0,0,0
0,0,0
123543,1.487,31.4
0,0,0
0,0,0
123545,1.487,31.4
0,0,0
0,0,0
123547,1.487,31.4
0,0,0
0,0,0
123549,1.488,31.4
0,0,0
0,0,0
123551,1.487,31.4
0,0,0
0,0,0
123553,1.489,31.3
0,0,0
0,0,0
123555,1.489,31.3
0,0,0
0,0,0
123557,1.489,31.3
0,0,0
0,0,0
123559,1.49,31.3
0,0,0
0,0,0
123601,1.49,31.3
0,0,0
0,0,0
123603,1.49,31.3
0,0,0
0,0,0
123605,1.49,31.3
0,0,0
0,0,0
123607,1.489,31.3
0,0,0
0,0,0
123609,1.489,31.3
0,0,0
0,0,0
123611,1.488,31.3
0,0,0
0,0,0
123613,1.489,31.3
0,0,0
0,0,0
123615,1.489,31.3
0,0,0
0,0,0
123617,1.489,31.3
0,0,0
0,0,0
123619,1.49,31.2
0,0,0
0,0,0
123621,1.491,31.2
0,0,0
0,0,0
123623,1.491,31.2
0,0,0
0,0,0
123625,1.491,31.2
0,0,0
0,0,0
123627,1.493,31.2
0,0,0
0,0,0
123629,1.494,31.2
0,0,0
0,0,0
123631,1.492,31.2
0,0,0
0,0,0
123633,1.492,31.2
0,0,0
0,0,0
123635,1.491,31.2
0,0,0
0,0,0
123637,1.49,31.2
0,0,0
0,0,0
123639,1.49,31.2
0,0,0
0,0,0
123641,1.49,31.1
0,0,0
0,0,0
123643,1.491,31.1
0,0,0
0,0,0
123645,1.491,31.1
0,0,0
0,0,0
123647,1.491,31.1
0,0,0
0,0,0
123649,1.492,31.1
0,0,0
0,0,0
123651,1.493,31.1
0,0,0
0,0,0
123653,1.494,31.1
0,0,0
0,0,0
123655,1.495,31.1
0,0,0
0,0,0
123657,1.495,31.1
0,0,0
0,0,0
123659,1.494,31.1
0,0,0
0,0,0
123701,1.492,31.1
0,0,0
0,0,0
123703,1.492,31.1
0,0,0
0,0,0
123705,1.491,31.1
0,0,0
0,0,0
123707,1.492,31
0,0,0
0,0,0
123709,1.493,31
0,0,0
0,0,0
123711,1.494,31
0,0,0
0,0,0
123713,1.495,31
0,0,0
0,0,0
123715,1.494,31
0,0,0
0,0,0
123717,1.494,31
0,0,0
0,0,0
123719,1.494,31
0,0,0
0,0,0
123721,1.494,31
0,0,0
0,0,0
123723,1.494,31
0,0,0
0,0,0
123725,1.495,31
0,0,0
0,0,0
123727,1.495,31
0,0,0
0,0,0
123729,1.496,31
0,0,0
0,0,0
123731,1.496,31
0,0,0
0,0,0
123733,1.495,30.9
0,0,0
0,0,0
123735,1.495,30.9
0,0,0
0,0,0
123737,1.495,30.9
0,0,0
0,0,0
123739,1.496,30.9
0,0,0
0,0,0
123741,1.497,30.9
0,0,0
0,0,0
123743,1.497,30.9
0,0,0
0,0,0
123745,1.497,30.9
0,0,0
0,0,0
123747,1.496,30.9
0,0,0
0,0,0
123749,1.496,30.9
0,0,0
0,0,0
123751,1.496,30.9
0,0,0
0,0,0
123753,1.496,30.9
0,0,0
0,0,0
123755,1.496,30.9
0,0,0
0,0,0
123757,1.496,30.8
0,0,0
0,0,0
123759,1.496,30.8
0,0,0
0,0,0
123801,1.496,30.8
0,0,0
0,0,0
123803,1.497,30.8
0,0,0
0,0,0
123805,1.499,30.8
0,0,0
0,0,0
123807,1.499,30.8
0,0,0
0,0,0
123809,1.5,30.8
0,0,0
0,0,0
123811,1.5,30.8
0,0,0
0,0,0
123813,1.499,30.8
0,0,0
0,0,0
123815,1.498,30.8
0,0,0
0,0,0
123817,1.498,30.8
0,0,0
0,0,0
123819,1.499,30.8
0,0,0
0,0,0
123821,1.499,30.8
0,0,0
0,0,0
123823,1.498,30.8
0,0,0
0,0,0
123825,1.498,30.7
0,0,0
0,0,0
123827,1.498,30.7
0,0,0
0,0,0
123829,1.497,30.7
0,0,0
0,0,0
123831,1.498,30.7
0,0,0
0,0,0
123833,1.499,30.7
0,0,0
0,0,0
123835,1.5,30.7
0,0,0
0,0,0
123837,1.502,30.7
0,0,0
0,0,0
123839,1.501,30.7
0,0,0
0,0,0
123841,1.5,30.7
0,0,0
0,0,0
123843,1.5,30.7
0,0,0
0,0,0
123845,1.499,30.7
0,0,0
0,0,0
123847,1.499,30.7
0,0,0
0,0,0
123849,1.499,30.6
0,0,0
0,0,0
123851,1.5,30.6
0,0,0
0,0,0
123853,1.501,30.6
0,0,0
0,0,0
123855,1.502,30.6
0,0,0
0,0,0
123857,1.503,30.6
0,0,0
0,0,0
123859,1.502,30.6
0,0,0
0,0,0
123901,1.502,30.6
0,0,0
0,0,0
123903,1.501,30.6
0,0,0
0,0,0
123905,1.501,30.6
0,0,0
0,0,0
123907,1.501,30.6
0,0,0
0,0,0
123909,1.501,30.6
0,0,0
0,0,0
123911,1.502,30.6
0,0,0
0,0,0
123913,1.502,30.6
0,0,0
0,0,0
123915,1.501,30.6
0,0,0
0,0,0
123917,1.501,30.5
0,0,0
0,0,0
123919,1.501,30.5
0,0,0
0,0,0
123921,1.503,30.5
0,0,0
0,0,0
123923,1.503,30.5
0,0,0
0,0,0
123925,1.504,30.5
0,0,0
0,0,0
123927,1.506,30.5
0,0,0
0,0,0
123929,1.505,30.5
0,0,0
0,0,0
123931,1.505,30.5
0,0,0
0,0,0
123933,1.504,30.5
0,0,0
0,0,0
123935,1.503,30.5
0,0,0
0,0,0
123937,1.503,30.5
0,0,0
0,0,0
123939,1.503,30.5
0,0,0
0,0,0
123941,1.503,30.4
0,0,0
0,0,0
123943,1.504,30.4
0,0,0
0,0,0
123945,1.505,30.4
0,0,0
0,0,0
123947,1.507,30.4
0,0,0
0,0,0
123949,1.507,30.4
0,0,0
0,0,0
123951,1.507,30.4
0,0,0
0,0,0
123953,1.506,30.4
0,0,0
0,0,0
123955,1.505,30.4
0,0,0
0,0,0
123957,1.504,30.4
0,0,0
0,0,0
123959,1.505,30.4
0,0,0
0,0,0
124001,1.505,30.4
0,0,0
0,0,0
124003,1.505,30.4
0,0,0
0,0,0
124005,1.505,30.4
0,0,0
0,0,0
124007,1.505,30.4
0,0,0
0,0,0
124009,1.505,30.3
0,0,0
0,0,0
124011,1.505,30.3
0,0,0
0,0,0
124013,1.508,30.3
0,0,0
0,0,0
124015,1.508,30.3
0,0,0
0,0,0
124017,1.508,30.3
0,0,0
0,0,0
124019,1.508,30.3
0,0,0
0,0,0
124021,1.508,30.3
0,0,0
0,0,0
124023,1.507,30.3
0,0,0
0,0,0
124025,1.507,30.3
0,0,0
0,0,0
124027,1.507,30.3
0,0,0
0,0,0
124029,1.507,30.3
0,0,0
0,0,0
124031,1.507,30.2
0,0,0
0,0,0
124033,1.506,30.2
0,0,0
0,0,0
124035,1.507,30.2
0,0,0
0,0,0
124037,1.508,30.2
0,0,0
0,0,0
124039,1.508,30.2
0,0,0
0,0,0
124041,1.509,30.2
0,0,0
0,0,0
124043,1.509,30.2
0,0,0
0,0,0
124045,1.51,30.2
0,0,0
0,0,0
124047,1.51,30.2
0,0,0
0,0,0
124049,1.51,30.2
0,0,0
0,0,0
124051,1.509,30.2
0,0,0
0,0,0
124053,1.509,30.2
0,0,0
0,0,0
124055,1.509,30.2
0,0,0
0,0,0
124057,1.509,30.2
0,0,0
0,0,0
124059,1.51,30.1
0,0,0
0,0,0
124101,1.51,30.1
0,0,0
0,0,0
124103,1.51,30.1
0,0,0
0,0,0
124105,1.51,30.1
0,0,0
0,0,0
124107,1.51,30.1
0,0,0
0,0,0
124109,1.51,30.1
0,0,0
0,0,0
124111,1.51,30.1
0,0,0
0,0,0
124113,1.511,30.1
0,0,0
0,0,0
124115,1.511,30.1
0,0,0
0,0,0
124117,1.511,30.1
0,0,0
0,0,0
124119,1.511,30.1
0,0,0
0,0,0
124121,1.511,30.1
0,0,0
0,0,0
124123,1.511,30.1
0,0,0
0,0,0
124125,1.51,30
0,0,0
0,0,0
124127,1.51,30
0,0,0
0,0,0
124129,1.511,30
0,0,0
0,0,0
124131,1.512,30
0,0,0
0,0,0
124133,1.514,30
0,0,0
0,0,0
124135,1.513,30
0,0,0
0,0,0
124137,1.513,30
0,0,0
0,0,0
124139,1.513,30
0,0,0
0,0,0
124141,1.513,30
0,0,0
0,0,0
124143,1.511,30
0,0,0
0,0,0
124145,1.512,30
0,0,0
0,0,0
124147,1.512,30
0,0,0
0,0,0
124149,1.512,30
0,0,0
0,0,0
124151,1.513,29.9
0,0,0
0,0,0
124153,1.513,29.9
0,0,0
0,0,0
124155,1.514,29.9
0,0,0
0,0,0
124157,1.514,29.9
0,0,0
0,0,0
124159,1.515,29.9
0,0,0
0,0,0
124201,1.515,29.9
0,0,0
0,0,0
124203,1.515,29.9
0,0,0
0,0,0
124205,1.516,29.9
0,0,0
0,0,0
124207,1.514,29.9
0,0,0
0,0,0
124209,1.514,29.9
0,0,0
0,0,0
124211,1.514,29.9
0,0,0
0,0,0
124213,1.514,29.9
0,0,0
0,0,0
124215,1.515,29.9
0,0,0
0,0,0
124217,1.515,29.9
0,0,0
0,0,0
124219,1.515,29.8
0,0,0
0,0,0
124221,1.515,29.8
0,0,0
0,0,0
124223,1.515,29.8
0,0,0
0,0,0
124225,1.515,29.8
0,0,0
0,0,0
124227,1.515,29.8
0,0,0
0,0,0
124229,1.516,29.8
0,0,0
0,0,0
124231,1.517,29.8
0,0,0
0,0,0
124233,1.516,29.8
0,0,0
0,0,0
124235,1.516,29.8
0,0,0
0,0,0
124237,1.516,29.8
0,0,0
0,0,0
124239,1.515,29.8
0,0,0
0,0,0
124241,1.515,29.8
0,0,0
0,0,0
124243,1.516,29.8
0,0,0
0,0,0
124245,1.516,29.8
0,0,0
0,0,0
124247,1.516,29.8
0,0,0
0,0,0
124249,1.515,29.8
0,0,0
0,0,0
124251,1.515,29.7
0,0,0
0,0,0
124253,1.516,29.7
0,0,0
0,0,0
124255,1.517,29.7
0,0,0
0,0,0
124257,1.518,29.7
0,0,0
0,0,0
124259,1.518,29.7
0,0,0
0,0,0
124301,1.518,29.7
0,0,0
0,0,0
124303,1.518,29.7
0,0,0
0,0,0
124305,1.518,29.7
0,0,0
0,0,0
124307,1.518,29.7
0,0,0
0,0,0
124309,1.518,29.7
0,0,0
0,0,0
124311,1.518,29.7
0,0,0
0,0,0
124313,1.517,29.7
0,0,0
0,0,0
124315,1.517,29.7
0,0,0
0,0,0
124317,1.516,29.7
0,0,0
0,0,0
124319,1.517,29.6
0,0,0
0,0,0
124321,1.517,29.6
0,0,0
0,0,0
124323,1.519,29.6
0,0,0
0,0,0
124325,1.52,29.6
0,0,0
0,0,0
124327,1.52,29.6
0,0,0
0,0,0
124329,1.52,29.6
0,0,0
0,0,0
124331,1.52,29.6
0,0,0
0,0,0
124333,1.52,29.6
0,0,0
0,0,0
124335,1.52,29.6
0,0,0
0,0,0
124337,1.518,29.6
0,0,0
0,0,0
124339,1.518,29.6
0,0,0
0,0,0
124341,1.517,29.6
0,0,0
0,0,0
124343,1.518,29.6
0,0,0
0,0,0
124345,1.519,29.6
0,0,0
0,0,0
124347,1.519,29.6
0,0,0
0,0,0
124349,1.519,29.6
0,0,0
0,0,0
124351,1.519,29.5
0,0,0
0,0,0
124353,1.519,29.5
0,0,0
0,0,0
124355,1.521,29.5
0,0,0
0,0,0
124357,1.521,29.5
0,0,0
0,0,0
124359,1.522,29.5
0,0,0
0,0,0
124401,1.522,29.5
0,0,0
0,0,0
124403,1.522,29.5
0,0,0
0,0,0
124405,1.521,29.5
0,0,0
0,0,0
124407,1.52,29.5
0,0,0
0,0,0
124409,1.52,29.5
0,0,0
0,0,0
124411,1.521,29.5
0,0,0
0,0,0
124413,1.522,29.5
0,0,0
0,0,0
124415,1.521,29.5
0,0,0
0,0,0
124417,1.521,29.5
0,0,0
0,0,0
124419,1.521,29.5
0,0,0
0,0,0
124421,1.52,29.4
0,0,0
0,0,0
124423,1.521,29.4
0,0,0
0,0,0
124425,1.522,29.4
0,0,0
0,0,0
124427,1.523,29.4
0,0,0
0,0,0
124429,1.524,29.4
0,0,0
0,0,0
124431,1.523,29.4
0,0,0
0,0,0
124433,1.523,29.4
0,0,0
0,0,0
124435,1.524,29.4
0,0,0
0,0,0
124437,1.524,29.4
0,0,0
0,0,0
124439,1.525,29.4
0,0,0
0,0,0
124441,1.525,29.4
0,0,0
0,0,0
124443,1.525,29.4
0,0,0
0,0,0
124445,1.523,29.4
0,0,0
0,0,0
124447,1.522,29.4
0,0,0
0,0,0
124449,1.522,29.4
0,0,0
0,0,0
124451,1.523,29.3
0,0,0
0,0,0
124453,1.523,29.3
0,0,0
0,0,0
124455,1.523,29.3
0,0,0
0,0,0
124457,1.525,29.3
0,0,0
0,0,0
124459,1.525,29.3
0,0,0
0,0,0
124501,1.525,29.3
0,0,0
0,0,0
124503,1.524,29.3
0,0,0
0,0,0
124505,33.3,29.3
0,0,0
0,0,0
124507,33.3,29.3
0,0,0
0,0,0
124509,35.8,29.3
0,0,0
0,0,0
124511,32,29.3
0,0,0
0,0,0
124513,13.6,29.2
0,0,0
0,0,0
124515,0,0
