Time,Conductivty,Temperature
13:48:16,0.405,20.1
00:00:00,0,0
00:00:00,0,0
13:48:18,0.405,20.1
00:00:00,0,0
00:00:00,0,0
13:48:20,0.405,20.1
00:00:00,0,0
00:00:00,0,0
13:48:22,0.405,20.1
00:00:00,0,0
00:00:00,0,0
13:48:24,0.405,20.1
00:00:00,0,0
00:00:00,0,0
13:48:26,0.405,20.1
00:00:00,0,0
00:00:00,0,0
13:48:28,0.405,20.1
00:00:00,0,0
00:00:00,0,0
13:48:30,0.405,20.1
00:00:00,0,0
00:00:00,0,0
13:48:32,0.405,20.1
00:00:00,0,0
00:00:00,0,0
13:48:34,0.405,20.1
00:00:00,0,0
00:00:00,0,0
13:48:36,0.405,20.1
00:00:00,0,0
00:00:00,0,0
13:48:38,0.405,20.1
00:00:00,0,0
00:00:00,0,0
13:48:40,0.405,20.1
00:00:00,0,0
00:00:00,0,0
13:48:42,0.405,20.1
00:00:00,0,0
00:00:00,0,0
13:48:44,0.405,20.1
00:00:00,0,0
00:00:00,0,0
13:48:46,0.405,20.1
00:00:00,0,0
00:00:00,0,0
13:48:48,0.405,20.1
00:00:00,0,0
00:00:00,0,0
13:48:50,0.405,20.1
00:00:00,0,0
00:00:00,0,0
13:48:52,0.405,20.1
00:00:00,0,0
00:00:00,0,0
13:48:54,0.405,20.1
00:00:00,0,0
00:00:00,0,0
13:48:56,0.405,20.1
00:00:00,0,0
00:00:00,0,0
13:48:58,0.405,20.1
00:00:00,0,0
00:00:00,0,0
13:49:00,0.405,20.1
00:00:00,0,0
00:00:00,0,0
13:49:02,0.405,20.1
00:00:00,0,0
00:00:00,0,0
13:49:04,0.405,20.1
00:00:00,0,0
00:00:00,0,0
13:49:06,0.405,20.1
00:00:00,0,0
00:00:00,0,0
13:49:08,0.404,20.1
00:00:00,0,0
00:00:00,0,0
13:49:10,0.404,20.1
00:00:00,0,0
00:00:00,0,0
13:49:12,0.404,20.1
00:00:00,0,0
00:00:00,0,0
13:49:14,0.404,20.1
00:00:00,0,0
00:00:00,0,0
13:49:16,0.405,20.1
00:00:00,0,0
00:00:00,0,0
13:49:18,0.405,20.1
00:00:00,0,0
00:00:00,0,0
13:49:20,0.405,20.1
00:00:00,0,0
00:00:00,0,0
13:49:22,0.405,20.1
00:00:00,0,0
00:00:00,0,0
13:49:24,0.405,20.1
00:00:00,0,0
00:00:00,0,0
13:49:26,0.405,20.1
00:00:00,0,0
00:00:00,0,0
13:49:28,0.405,20.1
00:00:00,0,0
00:00:00,0,0
13:49:30,0.405,20.1
00:00:00,0,0
00:00:00,0,0
13:49:32,0.405,20.1
00:00:00,0,0
00:00:00,0,0
13:49:34,0.405,20.1
00:00:00,0,0
00:00:00,0,0
13:49:36,0.405,20.1
00:00:00,0,0
00:00:00,0,0
13:49:38,0.405,20.1
00:00:00,0,0
00:00:00,0,0
13:49:40,0.405,20.1
00:00:00,0,0
00:00:00,0,0
13:49:42,0.405,20.1
00:00:00,0,0
00:00:00,0,0
13:49:44,0.405,20.1
00:00:00,0,0
00:00:00,0,0
13:49:46,0.405,20.1
00:00:00,0,0
00:00:00,0,0
13:49:48,0.405,20.1
00:00:00,0,0
00:00:00,0,0
13:49:50,0.405,20.1
00:00:00,0,0
00:00:00,0,0
13:49:52,0.405,20.1
00:00:00,0,0
00:00:00,0,0
13:49:54,0.405,20.1
00:00:00,0,0
00:00:00,0,0
13:49:56,0.405,20.1
00:00:00,0,0
00:00:00,0,0
13:49:58,0.405,20.1
00:00:00,0,0
00:00:00,0,0
13:50:00,0.405,20.1
00:00:00,0,0
00:00:00,0,0
13:50:02,0.405,20.1
00:00:00,0,0
00:00:00,0,0
13:50:04,0.405,20.1
00:00:00,0,0
00:00:00,0,0
13:50:06,0.405,20.1
00:00:00,0,0
00:00:00,0,0
13:50:08,0.405,20.1
00:00:00,0,0
00:00:00,0,0
13:50:10,0.404,20.1
00:00:00,0,0
00:00:00,0,0
13:50:12,0.404,20.1
00:00:00,0,0
00:00:00,0,0
13:50:14,0.404,20.1
00:00:00,0,0
00:00:00,0,0
13:50:16,0.404,20.1
00:00:00,0,0
00:00:00,0,0
13:50:18,0.405,20.1
00:00:00,0,0
00:00:00,0,0
13:50:20,0.404,20.1
00:00:00,0,0
00:00:00,0,0
13:50:22,0.404,20.1
00:00:00,0,0
00:00:00,0,0
13:50:24,0.404,20.1
00:00:00,0,0
00:00:00,0,0
13:50:26,0.404,20.1
00:00:00,0,0
00:00:00,0,0
13:50:28,0.404,20.1
00:00:00,0,0
00:00:00,0,0
13:50:30,0.404,20.1
00:00:00,0,0
00:00:00,0,0
13:50:32,0.405,20.1
00:00:00,0,0
00:00:00,0,0
13:50:34,0.404,20.1
00:00:00,0,0
00:00:00,0,0
13:50:36,0.404,20.1
00:00:00,0,0
00:00:00,0,0
13:50:38,0.404,20.1
00:00:00,0,0
00:00:00,0,0
13:50:40,0.404,20.1
00:00:00,0,0
00:00:00,0,0
13:50:42,0.404,20.1
00:00:00,0,0
00:00:00,0,0
13:50:44,0.404,20.1
00:00:00,0,0
00:00:00,0,0
13:50:46,0.404,20.1
00:00:00,0,0
00:00:00,0,0
13:50:48,0.404,20.1
00:00:00,0,0
00:00:00,0,0
13:50:50,0.404,20.1
00:00:00,0,0
00:00:00,0,0
13:50:52,0.404,20.1
00:00:00,0,0
00:00:00,0,0
13:50:54,0.404,20.1
00:00:00,0,0
00:00:00,0,0
13:50:56,0.404,20.1
00:00:00,0,0
00:00:00,0,0
13:50:58,0.404,20.1
00:00:00,0,0
00:00:00,0,0
13:51:00,0.404,20.1
00:00:00,0,0
00:00:00,0,0
13:51:02,0.404,20.1
00:00:00,0,0
00:00:00,0,0
13:51:04,0.404,20.1
00:00:00,0,0
00:00:00,0,0
13:51:06,0.404,20.1
00:00:00,0,0
00:00:00,0,0
13:51:08,0.404,20.1
00:00:00,0,0
00:00:00,0,0
13:51:10,0.404,20.1
00:00:00,0,0
00:00:00,0,0
13:51:12,0.404,20.1
00:00:00,0,0
00:00:00,0,0
13:51:14,0.404,20.1
00:00:00,0,0
00:00:00,0,0
13:51:16,0.404,20.1
00:00:00,0,0
00:00:00,0,0
13:51:18,0.405,20.1
00:00:00,0,0
00:00:00,0,0
13:51:20,0.405,20.1
00:00:00,0,0
00:00:00,0,0
13:51:22,0.404,20.1
00:00:00,0,0
00:00:00,0,0
13:51:24,0.404,20.1
00:00:00,0,0
00:00:00,0,0
13:51:26,0.404,20.1
00:00:00,0,0
00:00:00,0,0
13:51:28,0.404,20.1
00:00:00,0,0
00:00:00,0,0
13:51:30,0.404,20.1
00:00:00,0,0
00:00:00,0,0
13:51:32,0.404,20.1
00:00:00,0,0
00:00:00,0,0
13:51:34,0.404,20.1
00:00:00,0,0
00:00:00,0,0
13:51:36,0.404,20.1
00:00:00,0,0
00:00:00,0,0
13:51:38,0.404,20.1
00:00:00,0,0
00:00:00,0,0
13:51:40,0.404,20.1
00:00:00,0,0
00:00:00,0,0
13:51:42,0.404,20.1
00:00:00,0,0
00:00:00,0,0
13:51:44,0.404,20.1
00:00:00,0,0
00:00:00,0,0
13:51:46,0.404,20.1
00:00:00,0,0
00:00:00,0,0
13:51:48,0.404,20.1
00:00:00,0,0
00:00:00,0,0
13:51:50,0.404,20.1
00:00:00,0,0
00:00:00,0,0
13:51:52,0.404,20.1
00:00:00,0,0
00:00:00,0,0
13:51:54,0.404,20.1
00:00:00,0,0
00:00:00,0,0
13:51:56,0.404,20.1
00:00:00,0,0
00:00:00,0,0
13:51:58,0.404,20.1
00:00:00,0,0
00:00:00,0,0
13:52:00,0.404,20.1
00:00:00,0,0
00:00:00,0,0
13:52:02,0.404,20.1
00:00:00,0,0
00:00:00,0,0
13:52:04,0.404,20.1
00:00:00,0,0
00:00:00,0,0
13:52:06,0.404,20.1
00:00:00,0,0
00:00:00,0,0
13:52:08,0.404,20.1
00:00:00,0,0
00:00:00,0,0
13:52:10,0.404,20.1
00:00:00,0,0
00:00:00,0,0
13:52:12,0.404,20.1
00:00:00,0,0
00:00:00,0,0
13:52:14,0.404,20.1
00:00:00,0,0
00:00:00,0,0
13:52:16,0.404,20.1
00:00:00,0,0
00:00:00,0,0
13:52:18,0.404,20.1
00:00:00,0,0
00:00:00,0,0
13:52:20,0.404,20.1
00:00:00,0,0
00:00:00,0,0
13:52:22,0.404,20.1
00:00:00,0,0
00:00:00,0,0
13:52:24,0.404,20.1
00:00:00,0,0
00:00:00,0,0
13:52:26,0.404,20.1
00:00:00,0,0
00:00:00,0,0
13:52:28,0.404,20.1
00:00:00,0,0
00:00:00,0,0
13:52:30,0.404,20.1
00:00:00,0,0
00:00:00,0,0
13:52:32,0.404,20.1
00:00:00,0,0
00:00:00,0,0
13:52:34,0.404,20.1
00:00:00,0,0
00:00:00,0,0
13:52:36,0.404,20.1
00:00:00,0,0
00:00:00,0,0
13:52:38,0.404,20.1
00:00:00,0,0
00:00:00,0,0
13:52:40,0.404,20.1
00:00:00,0,0
00:00:00,0,0
13:52:42,0.404,20.1
00:00:00,0,0
00:00:00,0,0
13:52:44,0.404,20.1
00:00:00,0,0
00:00:00,0,0
13:52:46,0.404,20.1
00:00:00,0,0
00:00:00,0,0
13:52:48,0.404,20.1
00:00:00,0,0
00:00:00,0,0
13:52:50,0.404,20.1
00:00:00,0,0
00:00:00,0,0
13:52:52,0.404,20.1
00:00:00,0,0
00:00:00,0,0
13:52:54,0.404,20.1
00:00:00,0,0
00:00:00,0,0
13:52:56,0.404,20.1
00:00:00,0,0
00:00:00,0,0
13:52:58,0.404,20.1
00:00:00,0,0
00:00:00,0,0
13:53:00,0.404,20.1
00:00:00,0,0
00:00:00,0,0
13:53:02,0.404,20.1
00:00:00,0,0
00:00:00,0,0
13:53:04,0.404,20.1
00:00:00,0,0
00:00:00,0,0
13:53:06,0.404,20.1
00:00:00,0,0
00:00:00,0,0
13:53:08,0.404,20.1
00:00:00,0,0
00:00:00,0,0
13:53:10,0.404,20.1
00:00:00,0,0
00:00:00,0,0
13:53:12,0.404,20.1
00:00:00,0,0
00:00:00,0,0
13:53:14,0.404,20.1
00:00:00,0,0
00:00:00,0,0
13:53:16,0.404,20.1
00:00:00,0,0
00:00:00,0,0
13:53:18,0.404,20.1
00:00:00,0,0
00:00:00,0,0
13:53:20,0.404,20.1
00:00:00,0,0
00:00:00,0,0
13:53:22,0.404,20.1
00:00:00,0,0
00:00:00,0,0
13:53:24,0.404,20.1
00:00:00,0,0
00:00:00,0,0
13:53:26,0.404,20.1
00:00:00,0,0
00:00:00,0,0
13:53:28,0.404,20.1
00:00:00,0,0
00:00:00,0,0
13:53:30,0.404,20.1
00:00:00,0,0
00:00:00,0,0
13:53:32,0.404,20.1
00:00:00,0,0
00:00:00,0,0
13:53:34,0.404,20.1
00:00:00,0,0
00:00:00,0,0
13:53:36,0.404,20.1
00:00:00,0,0
00:00:00,0,0
13:53:38,0.404,20.1
00:00:00,0,0
00:00:00,0,0
13:53:40,0.404,20.1
00:00:00,0,0
00:00:00,0,0
13:53:42,0.404,20.1
00:00:00,0,0
00:00:00,0,0
13:53:44,0.404,20.1
00:00:00,0,0
00:00:00,0,0
13:53:46,0.404,20.1
00:00:00,0,0
00:00:00,0,0
13:53:48,0.404,20.1
00:00:00,0,0
00:00:00,0,0
13:53:50,0.404,20.1
00:00:00,0,0
00:00:00,0,0
13:53:52,0.404,20.1
00:00:00,0,0
00:00:00,0,0
13:53:54,0.404,20.1
00:00:00,0,0
00:00:00,0,0
13:53:56,0.404,20.1
00:00:00,0,0
00:00:00,0,0
13:53:58,0.404,20.1
00:00:00,0,0
00:00:00,0,0
13:54:00,0.404,20.1
00:00:00,0,0
00:00:00,0,0
13:54:02,0.404,20.1
00:00:00,0,0
00:00:00,0,0
13:54:04,0.404,20.1
00:00:00,0,0
00:00:00,0,0
13:54:06,0.404,20.2
00:00:00,0,0
00:00:00,0,0
13:54:08,0.404,20.1
00:00:00,0,0
00:00:00,0,0
13:54:10,0.404,20.1
00:00:00,0,0
00:00:00,0,0
13:54:12,0.404,20.1
00:00:00,0,0
00:00:00,0,0
13:54:14,0.404,20.2
00:00:00,0,0
00:00:00,0,0
13:54:16,0.404,20.1
00:00:00,0,0
00:00:00,0,0
13:54:18,0.404,20.1
00:00:00,0,0
00:00:00,0,0
13:54:20,0.404,20.1
00:00:00,0,0
00:00:00,0,0
13:54:22,0.404,20.1
00:00:00,0,0
00:00:00,0,0
13:54:24,0.404,20.1
00:00:00,0,0
00:00:00,0,0
13:54:26,0.404,20.1
00:00:00,0,0
00:00:00,0,0
13:54:28,0.404,20.1
00:00:00,0,0
00:00:00,0,0
13:54:30,0.404,20.2
00:00:00,0,0
00:00:00,0,0
13:54:32,0.403,20.2
00:00:00,0,0
00:00:00,0,0
13:54:34,0.403,20.2
00:00:00,0,0
00:00:00,0,0
13:54:36,0.403,20.2
00:00:00,0,0
00:00:00,0,0
13:54:38,0.403,20.1
00:00:00,0,0
00:00:00,0,0
13:54:40,0.403,20.1
00:00:00,0,0
00:00:00,0,0
13:54:42,0.403,20.2
00:00:00,0,0
00:00:00,0,0
13:54:44,0.403,20.2
00:00:00,0,0
00:00:00,0,0
13:54:46,0.403,20.2
00:00:00,0,0
00:00:00,0,0
13:54:48,0.403,20.2
00:00:00,0,0
00:00:00,0,0
13:54:50,0.403,20.2
00:00:00,0,0
00:00:00,0,0
13:54:52,0.403,20.2
00:00:00,0,0
00:00:00,0,0
13:54:54,0.403,20.2
00:00:00,0,0
00:00:00,0,0
13:54:56,0.403,20.1
00:00:00,0,0
00:00:00,0,0
13:54:58,0.403,20.1
00:00:00,0,0
00:00:00,0,0
13:55:00,0.403,20.2
00:00:00,0,0
00:00:00,0,0
13:55:02,0.403,20.2
00:00:00,0,0
00:00:00,0,0
13:55:04,0.403,20.2
00:00:00,0,0
00:00:00,0,0
13:55:06,0.403,20.2
00:00:00,0,0
00:00:00,0,0
13:55:08,0.403,20.2
00:00:00,0,0
00:00:00,0,0
13:55:10,0.403,20.2
00:00:00,0,0
00:00:00,0,0
13:55:12,0.403,20.2
00:00:00,0,0
00:00:00,0,0
13:55:14,0.403,20.2
00:00:00,0,0
00:00:00,0,0
13:55:16,0.403,20.2
00:00:00,0,0
00:00:00,0,0
13:55:18,0.403,20.2
00:00:00,0,0
00:00:00,0,0
13:55:20,0.403,20.2
00:00:00,0,0
00:00:00,0,0
13:55:22,0.403,20.2
00:00:00,0,0
00:00:00,0,0
13:55:24,0.403,20.2
00:00:00,0,0
00:00:00,0,0
13:55:26,0.403,20.2
00:00:00,0,0
00:00:00,0,0
13:55:28,0.403,20.2
00:00:00,0,0
00:00:00,0,0
13:55:30,0.403,20.2
00:00:00,0,0
00:00:00,0,0
13:55:32,0.403,20.2
00:00:00,0,0
00:00:00,0,0
13:55:34,0.403,20.2
00:00:00,0,0
00:00:00,0,0
13:55:36,0.403,20.2
00:00:00,0,0
00:00:00,0,0
13:55:38,0.403,20.2
00:00:00,0,0
00:00:00,0,0
13:55:40,0.403,20.2
00:00:00,0,0
00:00:00,0,0
13:55:42,0.403,20.2
00:00:00,0,0
00:00:00,0,0
13:55:44,0.403,20.2
00:00:00,0,0
00:00:00,0,0
13:55:46,0.403,20.2
00:00:00,0,0
00:00:00,0,0
13:55:48,0.403,20.2
00:00:00,0,0
00:00:00,0,0
13:55:50,0.403,20.2
00:00:00,0,0
00:00:00,0,0
13:55:52,0.403,20.2
00:00:00,0,0
00:00:00,0,0
13:55:54,0.403,20.2
00:00:00,0,0
00:00:00,0,0
13:55:56,0.403,20.2
00:00:00,0,0
00:00:00,0,0
13:55:58,0.403,20.2
00:00:00,0,0
00:00:00,0,0
13:56:00,0.403,20.2
00:00:00,0,0
00:00:00,0,0
13:56:02,0.403,20.2
00:00:00,0,0
00:00:00,0,0
13:56:04,0.403,20.2
00:00:00,0,0
00:00:00,0,0
13:56:06,0.403,20.2
00:00:00,0,0
00:00:00,0,0
13:56:08,0.403,20.2
00:00:00,0,0
00:00:00,0,0
13:56:10,0.403,20.2
00:00:00,0,0
00:00:00,0,0
13:56:12,0.403,20.2
00:00:00,0,0
00:00:00,0,0
13:56:14,0.403,20.2
00:00:00,0,0
00:00:00,0,0
13:56:16,0.403,20.2
00:00:00,0,0
00:00:00,0,0
13:56:18,0.403,20.2
00:00:00,0,0
00:00:00,0,0
13:56:20,0.403,20.2
00:00:00,0,0
00:00:00,0,0
13:56:22,0.403,20.2
00:00:00,0,0
00:00:00,0,0
13:56:24,0.403,20.2
00:00:00,0,0
00:00:00,0,0
13:56:26,0.403,20.2
00:00:00,0,0
00:00:00,0,0
13:56:28,0.403,20.2
00:00:00,0,0
00:00:00,0,0
13:56:30,0.403,20.2
00:00:00,0,0
00:00:00,0,0
13:56:32,0.403,20.2
00:00:00,0,0
00:00:00,0,0
13:56:34,0.403,20.2
00:00:00,0,0
00:00:00,0,0
13:56:36,0.403,20.2
00:00:00,0,0
00:00:00,0,0
13:56:38,0.403,20.2
00:00:00,0,0
00:00:00,0,0
13:56:40,0.403,20.2
00:00:00,0,0
00:00:00,0,0
13:56:42,0.403,20.2
00:00:00,0,0
00:00:00,0,0
13:56:44,0.403,20.2
00:00:00,0,0
00:00:00,0,0
13:56:46,0.403,20.2
00:00:00,0,0
00:00:00,0,0
13:56:48,0.403,20.2
00:00:00,0,0
00:00:00,0,0
13:56:50,0.403,20.2
00:00:00,0,0
00:00:00,0,0
13:56:52,0.403,20.2
00:00:00,0,0
00:00:00,0,0
13:56:54,0.403,20.2
00:00:00,0,0
00:00:00,0,0
13:56:56,0.403,20.2
00:00:00,0,0
00:00:00,0,0
13:56:58,0.403,20.2
00:00:00,0,0
00:00:00,0,0
13:57:00,0.403,20.2
00:00:00,0,0
00:00:00,0,0
13:57:02,0.403,20.2
00:00:00,0,0
00:00:00,0,0
13:57:04,0.403,20.2
00:00:00,0,0
00:00:00,0,0
13:57:06,0.403,20.2
00:00:00,0,0
00:00:00,0,0
13:57:08,0.403,20.2
00:00:00,0,0
00:00:00,0,0
13:57:10,0.403,20.2
00:00:00,0,0
00:00:00,0,0
13:57:12,0.403,20.2
00:00:00,0,0
00:00:00,0,0
13:57:14,0.403,20.2
00:00:00,0,0
00:00:00,0,0
13:57:16,0.403,20.2
00:00:00,0,0
00:00:00,0,0
13:57:18,0.403,20.2
00:00:00,0,0
00:00:00,0,0
13:57:20,0.403,20.2
00:00:00,0,0
00:00:00,0,0
13:57:22,0.403,20.2
00:00:00,0,0
00:00:00,0,0
13:57:24,0.403,20.2
00:00:00,0,0
00:00:00,0,0
13:57:26,0.403,20.2
00:00:00,0,0
00:00:00,0,0
13:57:28,0.403,20.2
00:00:00,0,0
00:00:00,0,0
13:57:30,0.403,20.2
00:00:00,0,0
00:00:00,0,0
13:57:32,0.403,20.2
00:00:00,0,0
00:00:00,0,0
13:57:34,0.403,20.2
00:00:00,0,0
00:00:00,0,0
13:57:36,0.403,20.2
00:00:00,0,0
00:00:00,0,0
13:57:38,0.403,20.2
00:00:00,0,0
00:00:00,0,0
13:57:40,0.403,20.2
00:00:00,0,0
00:00:00,0,0
13:57:42,0.403,20.2
00:00:00,0,0
00:00:00,0,0
13:57:44,0.403,20.2
00:00:00,0,0
00:00:00,0,0
13:57:46,0.403,20.2
00:00:00,0,0
00:00:00,0,0
13:57:48,0.403,20.2
00:00:00,0,0
00:00:00,0,0
13:57:50,0.403,20.2
00:00:00,0,0
00:00:00,0,0
13:57:52,0.403,20.2
00:00:00,0,0
00:00:00,0,0
13:57:54,0.403,20.2
00:00:00,0,0
00:00:00,0,0
13:57:56,0.403,20.2
00:00:00,0,0
00:00:00,0,0
13:57:58,0.403,20.2
00:00:00,0,0
00:00:00,0,0
13:58:00,0.403,20.2
00:00:00,0,0
00:00:00,0,0
13:58:02,0.403,20.2
00:00:00,0,0
00:00:00,0,0
13:58:04,0.403,20.2
00:00:00,0,0
00:00:00,0,0
13:58:06,0.403,20.2
00:00:00,0,0
00:00:00,0,0
13:58:08,0.403,20.2
00:00:00,0,0
00:00:00,0,0
13:58:10,0.403,20.2
00:00:00,0,0
00:00:00,0,0
13:58:12,0.403,20.2
00:00:00,0,0
00:00:00,0,0
13:58:14,0.403,20.2
00:00:00,0,0
00:00:00,0,0
13:58:16,0.403,20.2
00:00:00,0,0
00:00:00,0,0
13:58:18,0.403,20.2
00:00:00,0,0
00:00:00,0,0
13:58:20,0.403,20.2
00:00:00,0,0
00:00:00,0,0
13:58:22,0.403,20.2
00:00:00,0,0
00:00:00,0,0
13:58:24,0.403,20.2
00:00:00,0,0
00:00:00,0,0
13:58:26,0.403,20.2
00:00:00,0,0
00:00:00,0,0
13:58:28,0.403,20.2
00:00:00,0,0
00:00:00,0,0
13:58:30,0.403,20.2
00:00:00,0,0
00:00:00,0,0
13:58:32,0.403,20.2
00:00:00,0,0
00:00:00,0,0
13:58:34,0.403,20.2
00:00:00,0,0
00:00:00,0,0
13:58:36,0.403,20.2
00:00:00,0,0
00:00:00,0,0
13:58:38,0.403,20.2
00:00:00,0,0
00:00:00,0,0
13:58:40,0.403,20.2
00:00:00,0,0
00:00:00,0,0
13:58:42,0.403,20.2
00:00:00,0,0
00:00:00,0,0
13:58:44,0.403,20.2
00:00:00,0,0
00:00:00,0,0
13:58:46,0.403,20.2
00:00:00,0,0
00:00:00,0,0
13:58:48,0.403,20.2
00:00:00,0,0
00:00:00,0,0
13:58:50,0.403,20.2
00:00:00,0,0
00:00:00,0,0
13:58:52,0.403,20.2
00:00:00,0,0
00:00:00,0,0
13:58:54,0.403,20.2
00:00:00,0,0
00:00:00,0,0
13:58:56,0.403,20.2
00:00:00,0,0
00:00:00,0,0
13:58:58,0.403,20.2
00:00:00,0,0
00:00:00,0,0
13:59:00,0.403,20.2
00:00:00,0,0
00:00:00,0,0
13:59:02,0.403,20.2
00:00:00,0,0
00:00:00,0,0
13:59:04,0.403,20.2
00:00:00,0,0
00:00:00,0,0
13:59:06,0.403,20.2
00:00:00,0,0
00:00:00,0,0
13:59:08,0.403,20.2
00:00:00,0,0
00:00:00,0,0
13:59:10,0.403,20.2
00:00:00,0,0
00:00:00,0,0
13:59:12,0.403,20.2
00:00:00,0,0
00:00:00,0,0
13:59:14,0.403,20.2
00:00:00,0,0
00:00:00,0,0
13:59:16,0.403,20.2
00:00:00,0,0
00:00:00,0,0
13:59:18,0.403,20.2
00:00:00,0,0
00:00:00,0,0
13:59:20,0.403,20.2
00:00:00,0,0
00:00:00,0,0
13:59:22,0.403,20.2
00:00:00,0,0
00:00:00,0,0
13:59:24,0.403,20.2
00:00:00,0,0
00:00:00,0,0
13:59:26,0.403,20.2
00:00:00,0,0
00:00:00,0,0
13:59:28,0.403,20.2
00:00:00,0,0
00:00:00,0,0
13:59:30,0.403,20.2
00:00:00,0,0
00:00:00,0,0
13:59:32,0.403,20.2
00:00:00,0,0
00:00:00,0,0
13:59:34,0.403,20.2
00:00:00,0,0
00:00:00,0,0
13:59:36,0.403,20.2
00:00:00,0,0
00:00:00,0,0
13:59:38,0.403,20.2
00:00:00,0,0
00:00:00,0,0
13:59:40,0.403,20.2
00:00:00,0,0
00:00:00,0,0
13:59:42,0.403,20.2
00:00:00,0,0
00:00:00,0,0
13:59:44,0.403,20.2
00:00:00,0,0
00:00:00,0,0
13:59:46,0.403,20.2
00:00:00,0,0
00:00:00,0,0
13:59:48,0.403,20.2
00:00:00,0,0
00:00:00,0,0
13:59:50,0.403,20.2
00:00:00,0,0
00:00:00,0,0
13:59:52,0.403,20.2
00:00:00,0,0
00:00:00,0,0
13:59:54,0.403,20.2
00:00:00,0,0
00:00:00,0,0
13:59:56,0.403,20.2
00:00:00,0,0
00:00:00,0,0
13:59:58,0.403,20.2
00:00:00,0,0
00:00:00,0,0
14:00:00,0.154,20.2
00:00:00,0,0
00:00:00,0,0
14:00:02,15.4,20.2
00:00:00,0,0
00:00:00,0,0
14:00:04,0,20.2
00:00:00,0,0
00:00:00,0,0
14:00:06,0,20.2
00:00:00,0,0
00:00:00,0,0
14:00:08,0,20.3
00:00:00,0,0
00:00:00,0,0
14:00:10,0,20.4
00:00:00,0,0
00:00:00,0,0
14:00:12,0,20.4
00:00:00,0,0
00:00:00,0,0
14:00:14,0,20.4
00:00:00,0,0
00:00:00,0,0
14:00:16,0.656,20.3
00:00:00,0,0
00:00:00,0,0
14:00:18,0.633,20.2
00:00:00,0,0
00:00:00,0,0
14:00:20,0.633,20.1
00:00:00,0,0
00:00:00,0,0
14:00:22,0.634,20
00:00:00,0,0
00:00:00,0,0
14:00:24,0.635,19.9
00:00:00,0,0
00:00:00,0,0
14:00:26,0.637,19.8
00:00:00,0,0
00:00:00,0,0
14:00:28,0.638,19.7
00:00:00,0,0
00:00:00,0,0
14:00:30,0.64,19.7
00:00:00,0,0
00:00:00,0,0
14:00:32,0.641,19.7
00:00:00,0,0
00:00:00,0,0
14:00:34,0.641,19.6
00:00:00,0,0
00:00:00,0,0
14:00:36,0.642,19.6
00:00:00,0,0
00:00:00,0,0
14:00:38,0.643,19.6
00:00:00,0,0
00:00:00,0,0
14:00:40,0.644,19.6
00:00:00,0,0
00:00:00,0,0
14:00:42,0.644,19.5
00:00:00,0,0
00:00:00,0,0
14:00:44,0.645,19.5
00:00:00,0,0
00:00:00,0,0
14:00:46,0.645,19.5
00:00:00,0,0
00:00:00,0,0
14:00:48,0.646,19.5
00:00:00,0,0
00:00:00,0,0
14:00:50,0.646,19.5
00:00:00,0,0
00:00:00,0,0
14:00:52,0.646,19.5
00:00:00,0,0
00:00:00,0,0
14:00:54,0.646,19.5
00:00:00,0,0
00:00:00,0,0
14:00:56,0.646,19.5
00:00:00,0,0
00:00:00,0,0
14:00:58,0.646,19.5
00:00:00,0,0
00:00:00,0,0
14:01:00,0.646,19.5
00:00:00,0,0
00:00:00,0,0
14:01:02,0.646,19.5
00:00:00,0,0
00:00:00,0,0
14:01:04,0.646,19.4
00:00:00,0,0
00:00:00,0,0
14:01:06,0.647,19.4
00:00:00,0,0
00:00:00,0,0
14:01:08,0.647,19.4
00:00:00,0,0
00:00:00,0,0
14:01:10,0.647,19.4
00:00:00,0,0
00:00:00,0,0
14:01:12,0.648,19.4
00:00:00,0,0
00:00:00,0,0
14:01:14,0.648,19.4
00:00:00,0,0
00:00:00,0,0
14:01:16,0.648,19.4
00:00:00,0,0
00:00:00,0,0
14:01:18,0.648,19.4
00:00:00,0,0
00:00:00,0,0
14:01:20,0.648,19.4
00:00:00,0,0
00:00:00,0,0
14:01:22,0.648,19.4
00:00:00,0,0
00:00:00,0,0
14:01:24,0.648,19.4
00:00:00,0,0
00:00:00,0,0
14:01:26,0.648,19.4
00:00:00,0,0
00:00:00,0,0
14:01:28,0.648,19.4
00:00:00,0,0
00:00:00,0,0
14:01:30,0.648,19.4
00:00:00,0,0
00:00:00,0,0
14:01:32,0.648,19.4
00:00:00,0,0
00:00:00,0,0
14:01:34,0.648,19.4
00:00:00,0,0
00:00:00,0,0
14:01:36,0.648,19.4
00:00:00,0,0
00:00:00,0,0
14:01:38,0.648,19.4
00:00:00,0,0
00:00:00,0,0
14:01:40,0.648,19.4
00:00:00,0,0
00:00:00,0,0
14:01:42,0.648,19.4
00:00:00,0,0
00:00:00,0,0
14:01:44,0.649,19.4
00:00:00,0,0
00:00:00,0,0
14:01:46,0.649,19.4
00:00:00,0,0
00:00:00,0,0
14:01:48,0.649,19.4
00:00:00,0,0
00:00:00,0,0
14:01:50,0.649,19.4
00:00:00,0,0
00:00:00,0,0
14:01:52,0.649,19.4
00:00:00,0,0
00:00:00,0,0
14:01:54,0.649,19.4
00:00:00,0,0
00:00:00,0,0
14:01:56,0.648,19.4
00:00:00,0,0
00:00:00,0,0
14:01:58,0.648,19.4
00:00:00,0,0
00:00:00,0,0
14:02:00,0.648,19.4
00:00:00,0,0
00:00:00,0,0
14:02:02,0.648,19.4
00:00:00,0,0
00:00:00,0,0
14:02:04,0.649,19.4
00:00:00,0,0
00:00:00,0,0
14:02:06,0.649,19.4
00:00:00,0,0
00:00:00,0,0
14:02:08,0.649,19.4
00:00:00,0,0
00:00:00,0,0
14:02:10,0.649,19.4
00:00:00,0,0
00:00:00,0,0
14:02:12,0.649,19.4
00:00:00,0,0
00:00:00,0,0
14:02:14,0.649,19.4
00:00:00,0,0
00:00:00,0,0
14:02:16,0.649,19.5
00:00:00,0,0
00:00:00,0,0
14:02:18,0.648,19.5
00:00:00,0,0
00:00:00,0,0
14:02:20,0.648,19.5
00:00:00,0,0
00:00:00,0,0
14:02:22,0.648,19.5
00:00:00,0,0
00:00:00,0,0
14:02:24,0.648,19.5
00:00:00,0,0
00:00:00,0,0
14:02:26,0.648,19.5
00:00:00,0,0
00:00:00,0,0
14:02:28,0.648,19.5
00:00:00,0,0
00:00:00,0,0
14:02:30,0.648,19.5
00:00:00,0,0
00:00:00,0,0
14:02:32,0.648,19.5
00:00:00,0,0
00:00:00,0,0
14:02:34,0.648,19.5
00:00:00,0,0
00:00:00,0,0
14:02:36,0.648,19.5
00:00:00,0,0
00:00:00,0,0
14:02:38,0.648,19.5
00:00:00,0,0
00:00:00,0,0
14:02:40,0.648,19.5
00:00:00,0,0
00:00:00,0,0
14:02:42,0.648,19.5
00:00:00,0,0
00:00:00,0,0
14:02:44,0.648,19.5
00:00:00,0,0
00:00:00,0,0
14:02:46,0.648,19.5
00:00:00,0,0
00:00:00,0,0
14:02:48,0.648,19.5
00:00:00,0,0
00:00:00,0,0
14:02:50,0.648,19.5
00:00:00,0,0
00:00:00,0,0
14:02:52,0.648,19.5
00:00:00,0,0
00:00:00,0,0
14:02:54,0.648,19.5
00:00:00,0,0
00:00:00,0,0
14:02:56,0.648,19.5
00:00:00,0,0
00:00:00,0,0
14:02:58,0.648,19.5
00:00:00,0,0
00:00:00,0,0
14:03:00,0.648,19.5
00:00:00,0,0
00:00:00,0,0
14:03:02,0.648,19.5
00:00:00,0,0
00:00:00,0,0
14:03:04,0.648,19.5
00:00:00,0,0
00:00:00,0,0
14:03:06,0.648,19.5
00:00:00,0,0
00:00:00,0,0
14:03:08,0.648,19.5
00:00:00,0,0
00:00:00,0,0
14:03:10,0.648,19.5
00:00:00,0,0
00:00:00,0,0
14:03:12,0.648,19.5
00:00:00,0,0
00:00:00,0,0
14:03:14,0.648,19.5
00:00:00,0,0
00:00:00,0,0
14:03:16,0.648,19.5
00:00:00,0,0
00:00:00,0,0
14:03:18,0.648,19.5
00:00:00,0,0
00:00:00,0,0
14:03:20,0.648,19.5
00:00:00,0,0
00:00:00,0,0
14:03:22,0.648,19.5
00:00:00,0,0
00:00:00,0,0
14:03:24,0.648,19.5
00:00:00,0,0
00:00:00,0,0
14:03:26,0.648,19.5
00:00:00,0,0
00:00:00,0,0
14:03:28,0.648,19.5
00:00:00,0,0
00:00:00,0,0
14:03:30,0.648,19.5
00:00:00,0,0
00:00:00,0,0
14:03:32,0.648,19.5
00:00:00,0,0
00:00:00,0,0
14:03:34,0.648,19.5
00:00:00,0,0
00:00:00,0,0
14:03:36,0.648,19.5
00:00:00,0,0
00:00:00,0,0
14:03:38,0.649,19.5
00:00:00,0,0
00:00:00,0,0
14:03:40,0.649,19.5
00:00:00,0,0
00:00:00,0,0
14:03:42,0.649,19.5
00:00:00,0,0
00:00:00,0,0
14:03:44,0.649,19.5
00:00:00,0,0
00:00:00,0,0
14:03:46,0.649,19.5
00:00:00,0,0
00:00:00,0,0
14:03:48,0.649,19.5
00:00:00,0,0
00:00:00,0,0
14:03:50,0.649,19.5
00:00:00,0,0
00:00:00,0,0
14:03:52,0.649,19.5
00:00:00,0,0
00:00:00,0,0
14:03:54,0.649,19.5
00:00:00,0,0
00:00:00,0,0
14:03:56,0.649,19.5
00:00:00,0,0
00:00:00,0,0
14:03:58,0.649,19.5
00:00:00,0,0
00:00:00,0,0
14:04:00,0.649,19.5
00:00:00,0,0
00:00:00,0,0
14:04:02,0.649,19.5
00:00:00,0,0
00:00:00,0,0
14:04:04,0.649,19.5
00:00:00,0,0
00:00:00,0,0
14:04:06,0.649,19.5
00:00:00,0,0
00:00:00,0,0
14:04:08,0.649,19.5
00:00:00,0,0
00:00:00,0,0
14:04:10,0.649,19.5
00:00:00,0,0
00:00:00,0,0
14:04:12,0.649,19.5
00:00:00,0,0
00:00:00,0,0
14:04:14,0.649,19.5
00:00:00,0,0
00:00:00,0,0
14:04:16,0.649,19.5
00:00:00,0,0
00:00:00,0,0
14:04:18,0.649,19.5
00:00:00,0,0
00:00:00,0,0
14:04:20,0.649,19.5
00:00:00,0,0
00:00:00,0,0
14:04:22,0.649,19.6
00:00:00,0,0
00:00:00,0,0
14:04:24,0.649,19.6
00:00:00,0,0
00:00:00,0,0
14:04:26,0.649,19.5
00:00:00,0,0
00:00:00,0,0
14:04:28,0.649,19.5
00:00:00,0,0
00:00:00,0,0
14:04:30,0.649,19.5
00:00:00,0,0
00:00:00,0,0
14:04:32,0.649,19.6
00:00:00,0,0
00:00:00,0,0
14:04:34,0.649,19.6
00:00:00,0,0
00:00:00,0,0
14:04:36,0.648,19.6
00:00:00,0,0
00:00:00,0,0
14:04:38,0.648,19.6
00:00:00,0,0
00:00:00,0,0
14:04:40,0.648,19.6
00:00:00,0,0
00:00:00,0,0
14:04:42,0.648,19.6
00:00:00,0,0
00:00:00,0,0
14:04:44,0.648,19.6
00:00:00,0,0
00:00:00,0,0
14:04:46,0.648,19.6
00:00:00,0,0
00:00:00,0,0
14:04:48,0.648,19.6
00:00:00,0,0
00:00:00,0,0
14:04:50,0.648,19.6
00:00:00,0,0
00:00:00,0,0
14:04:52,0.648,19.6
00:00:00,0,0
00:00:00,0,0
14:04:54,0.648,19.6
00:00:00,0,0
00:00:00,0,0
14:04:56,0.648,19.6
00:00:00,0,0
00:00:00,0,0
14:04:58,0.648,19.6
00:00:00,0,0
00:00:00,0,0
14:05:00,0.648,19.6
00:00:00,0,0
00:00:00,0,0
14:05:02,0.648,19.6
00:00:00,0,0
00:00:00,0,0
14:05:04,0.648,19.6
00:00:00,0,0
00:00:00,0,0
14:05:06,0.648,19.6
00:00:00,0,0
00:00:00,0,0
14:05:08,0.648,19.6
00:00:00,0,0
00:00:00,0,0
14:05:10,0.648,19.6
00:00:00,0,0
00:00:00,0,0
14:05:12,0.648,19.6
00:00:00,0,0
00:00:00,0,0
14:05:14,0.648,19.6
00:00:00,0,0
00:00:00,0,0
14:05:16,0.648,19.6
00:00:00,0,0
00:00:00,0,0
14:05:18,0.648,19.6
00:00:00,0,0
00:00:00,0,0
14:05:20,0.648,19.6
00:00:00,0,0
00:00:00,0,0
14:05:22,0.648,19.6
00:00:00,0,0
00:00:00,0,0
14:05:24,0.648,19.6
00:00:00,0,0
00:00:00,0,0
14:05:26,0.648,19.6
00:00:00,0,0
00:00:00,0,0
14:05:28,0.648,19.6
00:00:00,0,0
00:00:00,0,0
14:05:30,0.648,19.6
00:00:00,0,0
00:00:00,0,0
14:05:32,0.648,19.6
00:00:00,0,0
00:00:00,0,0
14:05:34,0.648,19.6
00:00:00,0,0
00:00:00,0,0
14:05:36,0.648,19.6
00:00:00,0,0
00:00:00,0,0
14:05:38,0.648,19.6
00:00:00,0,0
00:00:00,0,0
14:05:40,0.648,19.6
00:00:00,0,0
00:00:00,0,0
14:05:42,0.649,19.6
00:00:00,0,0
00:00:00,0,0
14:05:44,0.649,19.6
00:00:00,0,0
00:00:00,0,0
14:05:46,0.649,19.6
00:00:00,0,0
00:00:00,0,0
14:05:48,0.649,19.6
00:00:00,0,0
00:00:00,0,0
14:05:50,0.649,19.6
00:00:00,0,0
00:00:00,0,0
14:05:52,0.648,19.6
00:00:00,0,0
00:00:00,0,0
14:05:54,0.648,19.6
00:00:00,0,0
00:00:00,0,0
14:05:56,0.648,19.6
00:00:00,0,0
00:00:00,0,0
14:05:58,0.648,19.6
00:00:00,0,0
00:00:00,0,0
14:06:00,0.649,19.6
00:00:00,0,0
00:00:00,0,0
14:06:02,0.649,19.6
00:00:00,0,0
00:00:00,0,0
14:06:04,0.649,19.6
00:00:00,0,0
00:00:00,0,0
14:06:06,0.649,19.6
00:00:00,0,0
00:00:00,0,0
14:06:08,0.649,19.6
00:00:00,0,0
00:00:00,0,0
14:06:10,0.649,19.6
00:00:00,0,0
00:00:00,0,0
14:06:12,0.649,19.6
00:00:00,0,0
00:00:00,0,0
14:06:14,0.649,19.6
00:00:00,0,0
00:00:00,0,0
14:06:16,0.649,19.6
00:00:00,0,0
00:00:00,0,0
14:06:18,0.649,19.6
00:00:00,0,0
00:00:00,0,0
14:06:20,0.649,19.6
00:00:00,0,0
00:00:00,0,0
14:06:22,0.649,19.6
00:00:00,0,0
00:00:00,0,0
14:06:24,0.649,19.6
00:00:00,0,0
00:00:00,0,0
14:06:26,0.649,19.6
00:00:00,0,0
00:00:00,0,0
14:06:28,0.649,19.6
00:00:00,0,0
00:00:00,0,0
14:06:30,0.649,19.6
00:00:00,0,0
00:00:00,0,0
14:06:32,0.649,19.6
00:00:00,0,0
00:00:00,0,0
14:06:34,0.649,19.6
00:00:00,0,0
00:00:00,0,0
14:06:36,0.649,19.6
00:00:00,0,0
00:00:00,0,0
14:06:38,0.649,19.6
00:00:00,0,0
00:00:00,0,0
14:06:40,0.649,19.6
00:00:00,0,0
00:00:00,0,0
14:06:42,0.649,19.6
00:00:00,0,0
00:00:00,0,0
14:06:44,0.649,19.6
00:00:00,0,0
00:00:00,0,0
14:06:46,0.649,19.6
00:00:00,0,0
00:00:00,0,0
14:06:48,0.649,19.6
00:00:00,0,0
00:00:00,0,0
14:06:50,0.649,19.6
00:00:00,0,0
00:00:00,0,0
14:06:52,0.649,19.6
00:00:00,0,0
00:00:00,0,0
14:06:54,0.649,19.6
00:00:00,0,0
00:00:00,0,0
14:06:56,0.649,19.6
00:00:00,0,0
00:00:00,0,0
14:06:58,0.649,19.6
00:00:00,0,0
00:00:00,0,0
14:07:00,0.649,19.6
00:00:00,0,0
00:00:00,0,0
14:07:02,0.649,19.6
00:00:00,0,0
00:00:00,0,0
14:07:04,0.649,19.6
00:00:00,0,0
00:00:00,0,0
14:07:06,0.649,19.6
00:00:00,0,0
00:00:00,0,0
14:07:08,0.649,19.6
00:00:00,0,0
00:00:00,0,0
14:07:10,0.649,19.6
00:00:00,0,0
00:00:00,0,0
14:07:12,0.649,19.7
00:00:00,0,0
00:00:00,0,0
14:07:14,0.649,19.6
00:00:00,0,0
00:00:00,0,0
14:07:16,0.648,19.6
00:00:00,0,0
00:00:00,0,0
14:07:18,0.649,19.6
00:00:00,0,0
00:00:00,0,0
14:07:20,0.649,19.6
00:00:00,0,0
00:00:00,0,0
14:07:22,0.649,19.6
00:00:00,0,0
00:00:00,0,0
14:07:24,0.65,19.6
00:00:00,0,0
00:00:00,0,0
14:07:26,0.65,19.6
00:00:00,0,0
00:00:00,0,0
14:07:28,0.65,19.6
00:00:00,0,0
00:00:00,0,0
14:07:30,0.65,19.7
00:00:00,0,0
00:00:00,0,0
14:07:32,0.649,19.7
00:00:00,0,0
00:00:00,0,0
14:07:34,0.649,19.7
00:00:00,0,0
00:00:00,0,0
14:07:36,0.648,19.7
00:00:00,0,0
00:00:00,0,0
14:07:38,0.648,19.7
00:00:00,0,0
00:00:00,0,0
14:07:40,0.648,19.7
00:00:00,0,0
00:00:00,0,0
14:07:42,0.648,19.7
00:00:00,0,0
00:00:00,0,0
14:07:44,0.648,19.6
00:00:00,0,0
00:00:00,0,0
14:07:46,0.648,19.7
00:00:00,0,0
00:00:00,0,0
14:07:48,0.649,19.7
00:00:00,0,0
00:00:00,0,0
14:07:50,0.649,19.7
00:00:00,0,0
00:00:00,0,0
14:07:52,0.649,19.7
00:00:00,0,0
00:00:00,0,0
14:07:54,0.648,19.7
00:00:00,0,0
00:00:00,0,0
14:07:56,0.648,19.7
00:00:00,0,0
00:00:00,0,0
14:07:58,0.648,19.7
00:00:00,0,0
00:00:00,0,0
14:08:00,0.648,19.7
00:00:00,0,0
00:00:00,0,0
14:08:02,0.648,19.7
00:00:00,0,0
00:00:00,0,0
14:08:04,0.649,19.7
00:00:00,0,0
00:00:00,0,0
14:08:06,0.649,19.7
00:00:00,0,0
00:00:00,0,0
14:08:08,0.649,19.7
00:00:00,0,0
00:00:00,0,0
14:08:10,0.649,19.7
00:00:00,0,0
00:00:00,0,0
14:08:12,0.648,19.7
00:00:00,0,0
00:00:00,0,0
14:08:14,0.648,19.7
00:00:00,0,0
00:00:00,0,0
14:08:16,0.648,19.7
00:00:00,0,0
00:00:00,0,0
14:08:18,0.648,19.7
00:00:00,0,0
00:00:00,0,0
14:08:20,0.649,19.7
00:00:00,0,0
00:00:00,0,0
14:08:22,0.649,19.7
00:00:00,0,0
00:00:00,0,0
14:08:24,0.649,19.7
00:00:00,0,0
00:00:00,0,0
14:08:26,0.649,19.7
00:00:00,0,0
00:00:00,0,0
14:08:28,0.649,19.7
00:00:00,0,0
00:00:00,0,0
14:08:30,0.649,19.7
00:00:00,0,0
00:00:00,0,0
14:08:32,0.649,19.7
00:00:00,0,0
00:00:00,0,0
14:08:34,0.649,19.7
00:00:00,0,0
00:00:00,0,0
14:08:36,0.649,19.7
00:00:00,0,0
00:00:00,0,0
14:08:38,0.649,19.7
00:00:00,0,0
00:00:00,0,0
14:08:40,0.649,19.7
00:00:00,0,0
00:00:00,0,0
14:08:42,0.649,19.7
00:00:00,0,0
00:00:00,0,0
14:08:44,0.649,19.7
00:00:00,0,0
00:00:00,0,0
14:08:46,0.649,19.7
00:00:00,0,0
00:00:00,0,0
14:08:48,0.649,19.7
00:00:00,0,0
00:00:00,0,0
14:08:50,0.649,19.7
00:00:00,0,0
00:00:00,0,0
14:08:52,0.649,19.7
00:00:00,0,0
00:00:00,0,0
14:08:54,0.649,19.7
00:00:00,0,0
00:00:00,0,0
14:08:56,0.649,19.7
00:00:00,0,0
00:00:00,0,0
14:08:58,0.649,19.7
00:00:00,0,0
00:00:00,0,0
14:09:00,0.649,19.7
00:00:00,0,0
00:00:00,0,0
14:09:02,0.649,19.7
00:00:00,0,0
00:00:00,0,0
14:09:04,0.649,19.7
00:00:00,0,0
00:00:00,0,0
14:09:06,0.649,19.7
00:00:00,0,0
00:00:00,0,0
14:09:08,0.649,19.7
00:00:00,0,0
00:00:00,0,0
14:09:10,0.649,19.7
00:00:00,0,0
00:00:00,0,0
14:09:12,0.649,19.7
00:00:00,0,0
00:00:00,0,0
14:09:14,0.649,19.7
00:00:00,0,0
00:00:00,0,0
14:09:16,0.649,19.7
00:00:00,0,0
00:00:00,0,0
14:09:18,0.649,19.7
00:00:00,0,0
00:00:00,0,0
14:09:20,0.649,19.7
00:00:00,0,0
00:00:00,0,0
14:09:22,0.649,19.7
00:00:00,0,0
00:00:00,0,0
14:09:24,0.649,19.7
00:00:00,0,0
00:00:00,0,0
14:09:26,0.649,19.7
00:00:00,0,0
00:00:00,0,0
14:09:28,0.649,19.7
00:00:00,0,0
00:00:00,0,0
14:09:30,0.649,19.7
00:00:00,0,0
00:00:00,0,0
14:09:32,0.649,19.7
00:00:00,0,0
00:00:00,0,0
14:09:34,0.649,19.7
00:00:00,0,0
00:00:00,0,0
14:09:36,0.649,19.7
00:00:00,0,0
00:00:00,0,0
14:09:38,0.65,19.7
00:00:00,0,0
00:00:00,0,0
14:09:40,0.65,19.7
00:00:00,0,0
00:00:00,0,0
14:09:42,0.65,19.7
00:00:00,0,0
00:00:00,0,0
14:09:44,0.65,19.7
00:00:00,0,0
00:00:00,0,0
14:09:46,0.65,19.7
00:00:00,0,0
00:00:00,0,0
14:09:48,0.65,19.7
00:00:00,0,0
00:00:00,0,0
14:09:50,0.65,19.7
00:00:00,0,0
00:00:00,0,0
14:09:52,0.65,19.7
00:00:00,0,0
00:00:00,0,0
14:09:54,0.65,19.7
00:00:00,0,0
00:00:00,0,0
14:09:56,0.65,19.7
00:00:00,0,0
00:00:00,0,0
14:09:58,0.65,19.7
00:00:00,0,0
00:00:00,0,0
14:10:00,0.65,19.7
00:00:00,0,0
00:00:00,0,0
14:10:02,0.65,19.7
00:00:00,0,0
00:00:00,0,0
14:10:04,0.65,19.7
00:00:00,0,0
00:00:00,0,0
14:10:06,0.65,19.7
00:00:00,0,0
00:00:00,0,0
14:10:08,0.65,19.7
00:00:00,0,0
00:00:00,0,0
14:10:10,0.65,19.7
00:00:00,0,0
00:00:00,0,0
14:10:12,0.65,19.7
00:00:00,0,0
00:00:00,0,0
14:10:14,0.65,19.8
00:00:00,0,0
00:00:00,0,0
14:10:16,0.649,19.7
00:00:00,0,0
00:00:00,0,0
14:10:18,0.649,19.7
00:00:00,0,0
00:00:00,0,0
14:10:20,0.65,19.7
00:00:00,0,0
00:00:00,0,0
14:10:22,0.65,19.7
00:00:00,0,0
00:00:00,0,0
14:10:24,0.65,19.7
00:00:00,0,0
00:00:00,0,0
14:10:26,0.65,19.7
00:00:00,0,0
00:00:00,0,0
14:10:28,0.65,19.8
00:00:00,0,0
00:00:00,0,0
14:10:30,0.65,19.8
00:00:00,0,0
00:00:00,0,0
14:10:32,0.649,19.8
00:00:00,0,0
00:00:00,0,0
14:10:34,0.649,19.8
00:00:00,0,0
00:00:00,0,0
14:10:36,0.649,19.8
00:00:00,0,0
00:00:00,0,0
14:10:38,0.649,19.8
00:00:00,0,0
00:00:00,0,0
14:10:40,0.649,19.8
00:00:00,0,0
00:00:00,0,0
14:10:42,0.649,19.8
00:00:00,0,0
00:00:00,0,0
14:10:44,0.649,19.7
00:00:00,0,0
00:00:00,0,0
14:10:46,0.649,19.8
00:00:00,0,0
00:00:00,0,0
14:10:48,0.649,19.8
00:00:00,0,0
00:00:00,0,0
14:10:50,0.649,19.8
00:00:00,0,0
00:00:00,0,0
14:10:52,0.649,19.8
00:00:00,0,0
00:00:00,0,0
14:10:54,0.649,19.8
00:00:00,0,0
00:00:00,0,0
14:10:56,0.649,19.8
00:00:00,0,0
00:00:00,0,0
14:10:58,0.649,19.8
00:00:00,0,0
00:00:00,0,0
14:11:00,0.649,19.8
00:00:00,0,0
00:00:00,0,0
14:11:02,0.649,19.8
00:00:00,0,0
00:00:00,0,0
14:11:04,0.649,19.8
00:00:00,0,0
00:00:00,0,0
14:11:06,0.649,19.8
00:00:00,0,0
00:00:00,0,0
14:11:08,0.649,19.8
00:00:00,0,0
00:00:00,0,0
14:11:10,0.649,19.8
00:00:00,0,0
00:00:00,0,0
14:11:12,0.649,19.8
00:00:00,0,0
00:00:00,0,0
14:11:14,0.649,19.8
00:00:00,0,0
00:00:00,0,0
14:11:16,0.649,19.8
00:00:00,0,0
00:00:00,0,0
14:11:18,0.649,19.8
00:00:00,0,0
00:00:00,0,0
14:11:20,0.649,19.8
00:00:00,0,0
00:00:00,0,0
14:11:22,0.649,19.8
00:00:00,0,0
00:00:00,0,0
14:11:24,0.649,19.8
00:00:00,0,0
00:00:00,0,0
14:11:26,0.649,19.8
00:00:00,0,0
00:00:00,0,0
14:11:28,0.649,19.8
00:00:00,0,0
00:00:00,0,0
14:11:30,0.649,19.8
00:00:00,0,0
00:00:00,0,0
14:11:32,0.649,19.8
00:00:00,0,0
00:00:00,0,0
14:11:34,0.65,19.8
00:00:00,0,0
00:00:00,0,0
14:11:36,0.65,19.8
00:00:00,0,0
00:00:00,0,0
14:11:38,0.65,19.8
00:00:00,0,0
00:00:00,0,0
14:11:40,0.65,19.8
00:00:00,0,0
00:00:00,0,0
14:11:42,0.65,19.8
00:00:00,0,0
00:00:00,0,0
14:11:44,0.65,19.8
00:00:00,0,0
00:00:00,0,0
14:11:46,0.65,19.8
00:00:00,0,0
00:00:00,0,0
14:11:48,0.65,19.8
00:00:00,0,0
00:00:00,0,0
14:11:50,0.65,19.8
00:00:00,0,0
00:00:00,0,0
14:11:52,0.65,19.8
00:00:00,0,0
00:00:00,0,0
14:11:54,0.65,19.8
00:00:00,0,0
00:00:00,0,0
14:11:56,0.65,19.8
00:00:00,0,0
00:00:00,0,0
14:11:58,0.65,19.8
00:00:00,0,0
00:00:00,0,0
14:12:00,0.65,19.8
00:00:00,0,0
00:00:00,0,0
14:12:02,0.65,19.8
00:00:00,0,0
00:00:00,0,0
14:12:04,0.65,19.8
00:00:00,0,0
00:00:00,0,0
14:12:06,0.65,19.8
00:00:00,0,0
00:00:00,0,0
14:12:08,0.65,19.8
00:00:00,0,0
00:00:00,0,0
14:12:10,0.65,19.8
00:00:00,0,0
00:00:00,0,0
14:12:12,0.65,19.8
00:00:00,0,0
00:00:00,0,0
14:12:14,0.65,19.8
00:00:00,0,0
00:00:00,0,0
14:12:16,0.65,19.8
00:00:00,0,0
00:00:00,0,0
14:12:18,0.65,19.8
00:00:00,0,0
00:00:00,0,0
14:12:20,0.65,19.8
00:00:00,0,0
00:00:00,0,0
14:12:22,0.65,19.8
00:00:00,0,0
00:00:00,0,0
14:12:24,0.65,19.8
00:00:00,0,0
00:00:00,0,0
14:12:26,0.65,19.8
00:00:00,0,0
00:00:00,0,0
14:12:28,0.65,19.8
00:00:00,0,0
00:00:00,0,0
14:12:30,0.65,19.8
00:00:00,0,0
00:00:00,0,0
14:12:32,0.65,19.8
00:00:00,0,0
00:00:00,0,0
14:12:34,0.65,19.8
00:00:00,0,0
00:00:00,0,0
14:12:36,0.65,19.8
00:00:00,0,0
00:00:00,0,0
14:12:38,0.65,19.8
00:00:00,0,0
00:00:00,0,0
14:12:40,0.65,19.8
00:00:00,0,0
00:00:00,0,0
14:12:42,0.65,19.8
00:00:00,0,0
00:00:00,0,0
14:12:44,0.65,19.8
00:00:00,0,0
00:00:00,0,0
14:12:46,0.65,19.8
00:00:00,0,0
00:00:00,0,0
14:12:48,0.65,19.8
00:00:00,0,0
00:00:00,0,0
14:12:50,0.65,19.8
00:00:00,0,0
00:00:00,0,0
14:12:52,0.65,19.8
00:00:00,0,0
00:00:00,0,0
14:12:54,0.65,19.8
00:00:00,0,0
00:00:00,0,0
14:12:56,0.65,19.8
00:00:00,0,0
00:00:00,0,0
14:12:58,0.65,19.8
00:00:00,0,0
00:00:00,0,0
14:13:00,0.65,19.8
00:00:00,0,0
00:00:00,0,0
14:13:02,0.65,19.8
00:00:00,0,0
00:00:00,0,0
14:13:04,0.65,19.8
00:00:00,0,0
00:00:00,0,0
14:13:06,0.65,19.8
00:00:00,0,0
00:00:00,0,0
14:13:08,0.651,19.8
00:00:00,0,0
00:00:00,0,0
14:13:10,0.651,19.8
00:00:00,0,0
00:00:00,0,0
14:13:12,0.651,19.8
00:00:00,0,0
00:00:00,0,0
14:13:14,0.651,19.8
00:00:00,0,0
00:00:00,0,0
14:13:16,0.651,19.8
00:00:00,0,0
00:00:00,0,0
14:13:18,0.651,19.8
00:00:00,0,0
00:00:00,0,0
14:13:20,0.651,19.8
00:00:00,0,0
00:00:00,0,0
14:13:22,0.651,19.8
00:00:00,0,0
00:00:00,0,0
14:13:24,0.65,19.8
00:00:00,0,0
00:00:00,0,0
14:13:26,0.65,19.8
00:00:00,0,0
00:00:00,0,0
14:13:28,0.65,19.8
00:00:00,0,0
00:00:00,0,0
14:13:30,0.65,19.8
00:00:00,0,0
00:00:00,0,0
14:13:32,0.65,19.8
00:00:00,0,0
00:00:00,0,0
14:13:34,0.65,19.8
00:00:00,0,0
00:00:00,0,0
14:13:36,0.65,19.8
00:00:00,0,0
00:00:00,0,0
14:13:38,0.65,19.8
00:00:00,0,0
00:00:00,0,0
14:13:40,0.65,19.8
00:00:00,0,0
00:00:00,0,0
14:13:42,0.65,19.8
00:00:00,0,0
00:00:00,0,0
14:13:44,0.65,19.8
00:00:00,0,0
00:00:00,0,0
14:13:46,0.65,19.8
00:00:00,0,0
00:00:00,0,0
14:13:48,0.651,19.8
00:00:00,0,0
00:00:00,0,0
14:13:50,0.651,19.8
00:00:00,0,0
00:00:00,0,0
14:13:52,0.651,19.8
00:00:00,0,0
00:00:00,0,0
14:13:54,0.651,19.8
00:00:00,0,0
00:00:00,0,0
14:13:56,0.651,19.8
00:00:00,0,0
00:00:00,0,0
14:13:58,0.651,19.8
00:00:00,0,0
00:00:00,0,0
14:14:00,0.651,19.8
00:00:00,0,0
00:00:00,0,0
14:14:02,0.651,19.8
00:00:00,0,0
00:00:00,0,0
14:14:04,0.651,19.8
00:00:00,0,0
00:00:00,0,0
14:14:06,0.651,19.8
00:00:00,0,0
00:00:00,0,0
14:14:08,0.651,19.8
00:00:00,0,0
00:00:00,0,0
14:14:10,0.651,19.8
00:00:00,0,0
00:00:00,0,0
14:14:12,0.651,19.8
00:00:00,0,0
00:00:00,0,0
14:14:14,0.651,19.8
00:00:00,0,0
00:00:00,0,0
14:14:16,0.651,19.8
00:00:00,0,0
00:00:00,0,0
14:14:18,0.651,19.8
00:00:00,0,0
00:00:00,0,0
14:14:20,0.651,19.8
00:00:00,0,0
00:00:00,0,0
14:14:22,0.651,19.8
00:00:00,0,0
00:00:00,0,0
14:14:24,0.651,19.8
00:00:00,0,0
00:00:00,0,0
14:14:26,0.651,19.8
00:00:00,0,0
00:00:00,0,0
14:14:28,0.651,19.8
00:00:00,0,0
00:00:00,0,0
14:14:30,0.651,19.8
00:00:00,0,0
00:00:00,0,0
14:14:32,0.651,19.8
00:00:00,0,0
00:00:00,0,0
14:14:34,0.651,19.8
00:00:00,0,0
00:00:00,0,0
14:14:36,0.651,19.8
00:00:00,0,0
00:00:00,0,0
14:14:38,0.651,19.8
00:00:00,0,0
00:00:00,0,0
14:14:40,0.651,19.8
00:00:00,0,0
00:00:00,0,0
14:14:42,0.651,19.8
00:00:00,0,0
00:00:00,0,0
14:14:44,0.651,19.9
00:00:00,0,0
00:00:00,0,0
14:14:46,0.651,19.9
00:00:00,0,0
00:00:00,0,0
14:14:48,0.65,19.9
00:00:00,0,0
00:00:00,0,0
14:14:50,0.65,19.9
00:00:00,0,0
00:00:00,0,0
14:14:52,0.65,19.8
00:00:00,0,0
00:00:00,0,0
14:14:54,0.65,19.9
00:00:00,0,0
00:00:00,0,0
14:14:56,0.65,19.9
00:00:00,0,0
00:00:00,0,0
14:14:58,0.65,19.9
00:00:00,0,0
00:00:00,0,0
14:15:00,0.65,19.8
00:00:00,0,0
00:00:00,0,0
14:15:02,0.65,19.9
00:00:00,0,0
00:00:00,0,0
14:15:04,0.65,19.9
00:00:00,0,0
00:00:00,0,0
14:15:06,0.65,19.9
00:00:00,0,0
00:00:00,0,0
14:15:08,0.65,19.9
00:00:00,0,0
00:00:00,0,0
14:15:10,0.65,19.9
00:00:00,0,0
00:00:00,0,0
14:15:12,0.65,19.9
00:00:00,0,0
00:00:00,0,0
14:15:14,0.65,19.9
00:00:00,0,0
00:00:00,0,0
14:15:16,0.65,19.9
00:00:00,0,0
00:00:00,0,0
14:15:18,0.65,19.9
00:00:00,0,0
00:00:00,0,0
14:15:20,0.65,19.9
00:00:00,0,0
00:00:00,0,0
14:15:22,0.65,19.9
00:00:00,0,0
00:00:00,0,0
14:15:24,0.65,19.9
00:00:00,0,0
00:00:00,0,0
14:15:26,0.65,19.9
00:00:00,0,0
00:00:00,0,0
14:15:28,0.65,19.9
00:00:00,0,0
00:00:00,0,0
14:15:30,0.65,19.9
00:00:00,0,0
00:00:00,0,0
14:15:32,0.65,19.9
00:00:00,0,0
00:00:00,0,0
14:15:34,0.65,19.9
00:00:00,0,0
00:00:00,0,0
14:15:36,0.65,19.9
00:00:00,0,0
00:00:00,0,0
14:15:38,0.65,19.9
00:00:00,0,0
00:00:00,0,0
14:15:40,0.65,19.9
00:00:00,0,0
00:00:00,0,0
14:15:42,0.65,19.9
00:00:00,0,0
00:00:00,0,0
14:15:44,0.65,19.9
00:00:00,0,0
00:00:00,0,0
14:15:46,0.65,19.9
00:00:00,0,0
00:00:00,0,0
14:15:48,0.65,19.9
00:00:00,0,0
00:00:00,0,0
14:15:50,0.65,19.9
00:00:00,0,0
00:00:00,0,0
14:15:52,0.65,19.9
00:00:00,0,0
00:00:00,0,0
14:15:54,0.65,19.9
00:00:00,0,0
00:00:00,0,0
14:15:56,0.65,19.9
00:00:00,0,0
00:00:00,0,0
14:15:58,0.65,19.9
00:00:00,0,0
00:00:00,0,0
14:16:00,0.65,19.9
00:00:00,0,0
00:00:00,0,0
14:16:02,0.65,19.9
00:00:00,0,0
00:00:00,0,0
14:16:04,0.65,19.9
00:00:00,0,0
00:00:00,0,0
14:16:06,0.65,19.9
00:00:00,0,0
00:00:00,0,0
14:16:08,0.65,19.9
00:00:00,0,0
00:00:00,0,0
14:16:10,0.65,19.9
00:00:00,0,0
00:00:00,0,0
14:16:12,0.65,19.9
00:00:00,0,0
00:00:00,0,0
14:16:14,0.65,19.9
00:00:00,0,0
00:00:00,0,0
14:16:16,0.65,19.9
00:00:00,0,0
00:00:00,0,0
14:16:18,0.65,19.9
00:00:00,0,0
00:00:00,0,0
14:16:20,0.65,19.9
00:00:00,0,0
00:00:00,0,0
14:16:22,0.65,19.9
00:00:00,0,0
00:00:00,0,0
14:16:24,0.65,19.9
00:00:00,0,0
00:00:00,0,0
14:16:26,0.65,19.9
00:00:00,0,0
00:00:00,0,0
14:16:28,0.65,19.9
00:00:00,0,0
00:00:00,0,0
14:16:30,0.65,19.9
00:00:00,0,0
00:00:00,0,0
14:16:32,0.65,19.9
00:00:00,0,0
00:00:00,0,0
14:16:34,0.65,19.9
00:00:00,0,0
00:00:00,0,0
14:16:36,0.651,19.9
00:00:00,0,0
00:00:00,0,0
14:16:38,0.651,19.9
00:00:00,0,0
00:00:00,0,0
14:16:40,0.65,19.9
00:00:00,0,0
00:00:00,0,0
14:16:42,0.65,19.9
00:00:00,0,0
00:00:00,0,0
14:16:44,0.65,19.9
00:00:00,0,0
00:00:00,0,0
14:16:46,0.65,19.9
00:00:00,0,0
00:00:00,0,0
14:16:48,0.651,19.9
00:00:00,0,0
00:00:00,0,0
14:16:50,0.651,19.9
00:00:00,0,0
00:00:00,0,0
14:16:52,0.651,19.9
00:00:00,0,0
00:00:00,0,0
14:16:54,0.651,19.9
00:00:00,0,0
00:00:00,0,0
14:16:56,0.651,19.9
00:00:00,0,0
00:00:00,0,0
14:16:58,0.651,19.9
00:00:00,0,0
00:00:00,0,0
14:17:00,0.651,19.9
00:00:00,0,0
00:00:00,0,0
14:17:02,0.651,19.9
00:00:00,0,0
00:00:00,0,0
14:17:04,0.651,19.9
00:00:00,0,0
00:00:00,0,0
14:17:06,0.651,19.9
00:00:00,0,0
00:00:00,0,0
14:17:08,0.651,19.9
00:00:00,0,0
00:00:00,0,0
14:17:10,0.651,19.9
00:00:00,0,0
00:00:00,0,0
14:17:12,0.651,19.9
00:00:00,0,0
00:00:00,0,0
14:17:14,0.651,19.9
00:00:00,0,0
00:00:00,0,0
14:17:16,0.651,19.9
00:00:00,0,0
00:00:00,0,0
14:17:18,0.651,19.9
00:00:00,0,0
00:00:00,0,0
14:17:20,0.651,19.9
00:00:00,0,0
00:00:00,0,0
14:17:22,0.651,19.9
00:00:00,0,0
00:00:00,0,0
14:17:24,0.651,19.9
00:00:00,0,0
00:00:00,0,0
14:17:26,0.651,19.9
00:00:00,0,0
00:00:00,0,0
14:17:28,0.651,19.9
00:00:00,0,0
00:00:00,0,0
14:17:30,0.651,19.9
00:00:00,0,0
00:00:00,0,0
14:17:32,0.651,19.9
00:00:00,0,0
00:00:00,0,0
14:17:34,0.651,19.9
00:00:00,0,0
00:00:00,0,0
14:17:36,0.651,19.9
00:00:00,0,0
00:00:00,0,0
14:17:38,0.651,19.9
00:00:00,0,0
00:00:00,0,0
14:17:40,0.651,19.9
00:00:00,0,0
00:00:00,0,0
14:17:42,0.651,19.9
00:00:00,0,0
00:00:00,0,0
14:17:44,0.651,19.9
00:00:00,0,0
00:00:00,0,0
14:17:46,0.651,19.9
00:00:00,0,0
00:00:00,0,0
14:17:48,0.651,19.9
00:00:00,0,0
00:00:00,0,0
14:17:50,0.651,19.9
00:00:00,0,0
00:00:00,0,0
14:17:52,0.651,19.9
00:00:00,0,0
00:00:00,0,0
14:17:54,0.651,19.9
00:00:00,0,0
00:00:00,0,0
14:17:56,0.651,19.9
00:00:00,0,0
00:00:00,0,0
14:17:58,0.651,19.9
00:00:00,0,0
00:00:00,0,0
14:18:00,0.651,19.9
00:00:00,0,0
00:00:00,0,0
14:18:02,0.651,19.9
00:00:00,0,0
00:00:00,0,0
14:18:04,0.651,19.9
00:00:00,0,0
00:00:00,0,0
14:18:06,0.651,19.9
00:00:00,0,0
00:00:00,0,0
14:18:08,0.651,19.9
00:00:00,0,0
00:00:00,0,0
14:18:10,0.651,19.9
00:00:00,0,0
00:00:00,0,0
14:18:12,0.651,19.9
00:00:00,0,0
00:00:00,0,0
14:18:14,0.651,19.9
00:00:00,0,0
00:00:00,0,0
14:18:16,0.651,19.9
00:00:00,0,0
00:00:00,0,0
14:18:18,0.651,19.9
00:00:00,0,0
00:00:00,0,0
14:18:20,0.651,19.9
00:00:00,0,0
00:00:00,0,0
14:18:22,0.651,19.9
00:00:00,0,0
00:00:00,0,0
14:18:24,0.651,19.9
00:00:00,0,0
00:00:00,0,0
14:18:26,0.651,19.9
00:00:00,0,0
00:00:00,0,0
14:18:28,0.651,19.9
00:00:00,0,0
00:00:00,0,0
14:18:30,0.651,19.9
00:00:00,0,0
00:00:00,0,0
14:18:32,0.651,19.9
00:00:00,0,0
00:00:00,0,0
14:18:34,0.651,19.9
00:00:00,0,0
00:00:00,0,0
14:18:36,0.651,19.9
00:00:00,0,0
00:00:00,0,0
14:18:38,0.651,19.9
00:00:00,0,0
00:00:00,0,0
14:18:40,0.651,19.9
00:00:00,0,0
00:00:00,0,0
14:18:42,0.651,19.9
00:00:00,0,0
00:00:00,0,0
14:18:44,0.651,19.9
00:00:00,0,0
00:00:00,0,0
14:18:46,0.651,19.9
00:00:00,0,0
00:00:00,0,0
14:18:48,0.651,19.9
00:00:00,0,0
00:00:00,0,0
14:18:50,0.651,19.9
00:00:00,0,0
00:00:00,0,0
14:18:52,0.65,20
00:00:00,0,0
00:00:00,0,0
14:18:54,0.65,20
00:00:00,0,0
00:00:00,0,0
14:18:56,0.65,20
00:00:00,0,0
00:00:00,0,0
14:18:58,0.65,20
00:00:00,0,0
00:00:00,0,0
14:19:00,0.65,19.9
00:00:00,0,0
00:00:00,0,0
14:19:02,0.65,19.9
00:00:00,0,0
00:00:00,0,0
14:19:04,0.651,20
00:00:00,0,0
00:00:00,0,0
14:19:06,0.65,20
00:00:00,0,0
00:00:00,0,0
14:19:08,0.65,20
00:00:00,0,0
00:00:00,0,0
14:19:10,0.65,20
00:00:00,0,0
00:00:00,0,0
14:19:12,0.65,20
00:00:00,0,0
00:00:00,0,0
14:19:14,0.65,20
00:00:00,0,0
00:00:00,0,0
14:19:16,0.65,20
00:00:00,0,0
00:00:00,0,0
14:19:18,0.65,20
00:00:00,0,0
00:00:00,0,0
14:19:20,0.65,20
00:00:00,0,0
00:00:00,0,0
14:19:22,0.65,20
00:00:00,0,0
00:00:00,0,0
14:19:24,0.65,20
00:00:00,0,0
00:00:00,0,0
14:19:26,0.65,20
00:00:00,0,0
00:00:00,0,0
14:19:28,65,20
00:00:00,0,0
00:00:00,0,0
14:19:30,0,20
00:00:00,0,0
00:00:00,0,0
14:19:32,0,20
00:00:00,0,0
00:00:00,0,0
14:19:34,0,20
00:00:00,0,0
00:00:00,0,0
14:19:36,0,20
00:00:00,0,0
00:00:00,0,0
14:19:38,1.661,20
00:00:00,0,0
00:00:00,0,0
14:19:40,1.661,20
00:00:00,0,0
00:00:00,0,0
14:19:42,1.662,19.9
00:00:00,0,0
00:00:00,0,0
14:19:44,1.665,19.9
00:00:00,0,0
00:00:00,0,0
14:19:46,1.668,19.8
00:00:00,0,0
00:00:00,0,0
14:19:48,1.672,19.8
00:00:00,0,0
00:00:00,0,0
14:19:50,1.674,19.7
00:00:00,0,0
00:00:00,0,0
14:19:52,1.676,19.7
00:00:00,0,0
00:00:00,0,0
14:19:54,1.678,19.7
00:00:00,0,0
00:00:00,0,0
14:19:56,1.678,19.7
00:00:00,0,0
00:00:00,0,0
14:19:58,1.679,19.7
00:00:00,0,0
00:00:00,0,0
14:20:00,1.68,19.7
00:00:00,0,0
00:00:00,0,0
14:20:02,1.68,19.7
00:00:00,0,0
00:00:00,0,0
14:20:04,1.68,19.6
00:00:00,0,0
00:00:00,0,0
14:20:06,1.681,19.6
00:00:00,0,0
00:00:00,0,0
14:20:08,1.682,19.6
00:00:00,0,0
00:00:00,0,0
14:20:10,1.683,19.6
00:00:00,0,0
00:00:00,0,0
14:20:12,1.684,19.6
00:00:00,0,0
00:00:00,0,0
14:20:14,1.684,19.6
00:00:00,0,0
00:00:00,0,0
14:20:16,1.684,19.6
00:00:00,0,0
00:00:00,0,0
14:20:18,1.684,19.6
00:00:00,0,0
00:00:00,0,0
14:20:20,1.684,19.6
00:00:00,0,0
00:00:00,0,0
14:20:22,1.684,19.6
00:00:00,0,0
00:00:00,0,0
14:20:24,1.684,19.6
00:00:00,0,0
00:00:00,0,0
14:20:26,1.684,19.6
00:00:00,0,0
00:00:00,0,0
14:20:28,1.684,19.6
00:00:00,0,0
00:00:00,0,0
14:20:30,1.684,19.6
00:00:00,0,0
00:00:00,0,0
14:20:32,1.684,19.6
00:00:00,0,0
00:00:00,0,0
14:20:34,1.684,19.6
00:00:00,0,0
00:00:00,0,0
14:20:36,1.685,19.6
00:00:00,0,0
00:00:00,0,0
14:20:38,1.685,19.6
00:00:00,0,0
00:00:00,0,0
14:20:40,1.685,19.6
00:00:00,0,0
00:00:00,0,0
14:20:42,1.685,19.6
00:00:00,0,0
00:00:00,0,0
14:20:44,1.685,19.6
00:00:00,0,0
00:00:00,0,0
14:20:46,1.685,19.6
00:00:00,0,0
00:00:00,0,0
14:20:48,1.684,19.7
00:00:00,0,0
00:00:00,0,0
14:20:50,1.683,19.7
00:00:00,0,0
00:00:00,0,0
14:20:52,1.682,19.7
00:00:00,0,0
00:00:00,0,0
14:20:54,1.682,19.7
00:00:00,0,0
00:00:00,0,0
14:20:56,1.682,19.7
00:00:00,0,0
00:00:00,0,0
14:20:58,1.682,19.7
00:00:00,0,0
00:00:00,0,0
14:21:00,1.682,19.7
00:00:00,0,0
00:00:00,0,0
14:21:02,1.682,19.7
00:00:00,0,0
00:00:00,0,0
14:21:04,1.681,19.7
00:00:00,0,0
00:00:00,0,0
14:21:06,1.681,19.7
00:00:00,0,0
00:00:00,0,0
14:21:08,1.682,19.7
00:00:00,0,0
00:00:00,0,0
14:21:10,1.682,19.7
00:00:00,0,0
00:00:00,0,0
14:21:12,1.682,19.7
00:00:00,0,0
00:00:00,0,0
14:21:14,1.682,19.7
00:00:00,0,0
00:00:00,0,0
14:21:16,1.682,19.7
00:00:00,0,0
00:00:00,0,0
14:21:18,1.682,19.7
00:00:00,0,0
00:00:00,0,0
14:21:20,1.682,19.7
00:00:00,0,0
00:00:00,0,0
14:21:22,1.682,19.7
00:00:00,0,0
00:00:00,0,0
14:21:24,1.683,19.7
00:00:00,0,0
00:00:00,0,0
14:21:26,1.683,19.7
00:00:00,0,0
00:00:00,0,0
14:21:28,1.683,19.7
00:00:00,0,0
00:00:00,0,0
14:21:30,1.683,19.7
00:00:00,0,0
00:00:00,0,0
14:21:32,1.683,19.7
00:00:00,0,0
00:00:00,0,0
14:21:34,1.683,19.7
00:00:00,0,0
00:00:00,0,0
14:21:36,1.683,19.7
00:00:00,0,0
00:00:00,0,0
14:21:38,1.683,19.7
00:00:00,0,0
00:00:00,0,0
14:21:40,1.683,19.7
00:00:00,0,0
00:00:00,0,0
14:21:42,1.683,19.7
00:00:00,0,0
00:00:00,0,0
14:21:44,1.683,19.7
00:00:00,0,0
00:00:00,0,0
14:21:46,1.683,19.7
00:00:00,0,0
00:00:00,0,0
14:21:48,1.683,19.7
00:00:00,0,0
00:00:00,0,0
14:21:50,1.683,19.7
00:00:00,0,0
00:00:00,0,0
14:21:52,1.683,19.7
00:00:00,0,0
00:00:00,0,0
14:21:54,1.683,19.7
00:00:00,0,0
00:00:00,0,0
14:21:56,1.683,19.7
00:00:00,0,0
00:00:00,0,0
14:21:58,1.683,19.7
00:00:00,0,0
00:00:00,0,0
14:22:00,1.683,19.7
00:00:00,0,0
00:00:00,0,0
14:22:02,1.683,19.7
00:00:00,0,0
00:00:00,0,0
14:22:04,1.683,19.7
00:00:00,0,0
00:00:00,0,0
14:22:06,1.683,19.7
00:00:00,0,0
00:00:00,0,0
14:22:08,1.683,19.7
00:00:00,0,0
00:00:00,0,0
14:22:10,1.683,19.7
00:00:00,0,0
00:00:00,0,0
14:22:12,1.683,19.7
00:00:00,0,0
00:00:00,0,0
14:22:14,1.683,19.7
00:00:00,0,0
00:00:00,0,0
14:22:16,1.683,19.7
00:00:00,0,0
00:00:00,0,0
14:22:18,1.683,19.7
00:00:00,0,0
00:00:00,0,0
14:22:20,1.683,19.7
00:00:00,0,0
00:00:00,0,0
14:22:22,1.683,19.7
00:00:00,0,0
00:00:00,0,0
14:22:24,1.683,19.7
00:00:00,0,0
00:00:00,0,0
14:22:26,1.683,19.7
00:00:00,0,0
00:00:00,0,0
14:22:28,1.683,19.7
00:00:00,0,0
00:00:00,0,0
14:22:30,1.683,19.7
00:00:00,0,0
00:00:00,0,0
14:22:32,1.683,19.7
00:00:00,0,0
00:00:00,0,0
14:22:34,1.683,19.7
00:00:00,0,0
00:00:00,0,0
14:22:36,1.683,19.8
00:00:00,0,0
00:00:00,0,0
14:22:38,1.682,19.8
00:00:00,0,0
00:00:00,0,0
14:22:40,1.682,19.8
00:00:00,0,0
00:00:00,0,0
14:22:42,1.681,19.8
00:00:00,0,0
00:00:00,0,0
14:22:44,1.68,19.8
00:00:00,0,0
00:00:00,0,0
14:22:46,1.68,19.8
00:00:00,0,0
00:00:00,0,0
14:22:48,1.68,19.8
00:00:00,0,0
00:00:00,0,0
14:22:50,1.68,19.8
00:00:00,0,0
00:00:00,0,0
14:22:52,1.68,19.8
00:00:00,0,0
00:00:00,0,0
14:22:54,1.68,19.8
00:00:00,0,0
00:00:00,0,0
14:22:56,1.68,19.8
00:00:00,0,0
00:00:00,0,0
14:22:58,1.68,19.8
00:00:00,0,0
00:00:00,0,0
14:23:00,1.68,19.8
00:00:00,0,0
00:00:00,0,0
14:23:02,1.68,19.8
00:00:00,0,0
00:00:00,0,0
14:23:04,1.68,19.8
00:00:00,0,0
00:00:00,0,0
14:23:06,1.68,19.8
00:00:00,0,0
00:00:00,0,0
14:23:08,1.68,19.8
00:00:00,0,0
00:00:00,0,0
14:23:10,1.68,19.8
00:00:00,0,0
00:00:00,0,0
14:23:12,1.68,19.8
00:00:00,0,0
00:00:00,0,0
14:23:14,1.68,19.8
00:00:00,0,0
00:00:00,0,0
14:23:16,1.68,19.8
00:00:00,0,0
00:00:00,0,0
14:23:18,1.68,19.8
00:00:00,0,0
00:00:00,0,0
14:23:20,1.68,19.8
00:00:00,0,0
00:00:00,0,0
14:23:22,1.68,19.8
00:00:00,0,0
00:00:00,0,0
14:23:24,1.68,19.8
00:00:00,0,0
00:00:00,0,0
14:23:26,1.681,19.8
00:00:00,0,0
00:00:00,0,0
14:23:28,1.68,19.8
00:00:00,0,0
00:00:00,0,0
14:23:30,1.68,19.8
00:00:00,0,0
00:00:00,0,0
14:23:32,1.68,19.8
00:00:00,0,0
00:00:00,0,0
14:23:34,1.68,19.8
00:00:00,0,0
00:00:00,0,0
14:23:36,1.68,19.8
00:00:00,0,0
00:00:00,0,0
14:23:38,1.68,19.8
00:00:00,0,0
00:00:00,0,0
14:23:40,1.681,19.8
00:00:00,0,0
00:00:00,0,0
14:23:42,1.681,19.8
00:00:00,0,0
00:00:00,0,0
14:23:44,1.681,19.8
00:00:00,0,0
00:00:00,0,0
14:23:46,1.681,19.8
00:00:00,0,0
00:00:00,0,0
14:23:48,1.681,19.8
00:00:00,0,0
00:00:00,0,0
14:23:50,1.681,19.8
00:00:00,0,0
00:00:00,0,0
14:23:52,1.681,19.8
00:00:00,0,0
00:00:00,0,0
14:23:54,1.681,19.8
00:00:00,0,0
00:00:00,0,0
14:23:56,1.681,19.8
00:00:00,0,0
00:00:00,0,0
14:23:58,1.681,19.8
00:00:00,0,0
00:00:00,0,0
14:24:00,1.681,19.8
00:00:00,0,0
00:00:00,0,0
14:24:02,1.681,19.8
00:00:00,0,0
00:00:00,0,0
14:24:04,1.681,19.8
00:00:00,0,0
00:00:00,0,0
14:24:06,1.681,19.8
00:00:00,0,0
00:00:00,0,0
14:24:08,1.681,19.8
00:00:00,0,0
00:00:00,0,0
14:24:10,1.681,19.8
00:00:00,0,0
00:00:00,0,0
14:24:12,1.681,19.8
00:00:00,0,0
00:00:00,0,0
14:24:14,1.681,19.8
00:00:00,0,0
00:00:00,0,0
14:24:16,1.681,19.8
00:00:00,0,0
00:00:00,0,0
14:24:18,1.681,19.8
00:00:00,0,0
00:00:00,0,0
14:24:20,1.681,19.8
00:00:00,0,0
00:00:00,0,0
14:24:22,1.681,19.8
00:00:00,0,0
00:00:00,0,0
14:24:24,1.681,19.8
00:00:00,0,0
00:00:00,0,0
14:24:26,1.681,19.8
00:00:00,0,0
00:00:00,0,0
14:24:28,1.682,19.8
00:00:00,0,0
00:00:00,0,0
14:24:30,1.682,19.8
00:00:00,0,0
00:00:00,0,0
14:24:32,1.681,19.8
00:00:00,0,0
00:00:00,0,0
14:24:34,1.681,19.8
00:00:00,0,0
00:00:00,0,0
14:24:36,1.681,19.8
00:00:00,0,0
00:00:00,0,0
14:24:38,1.681,19.8
00:00:00,0,0
00:00:00,0,0
14:24:40,1.682,19.8
00:00:00,0,0
00:00:00,0,0
14:24:42,1.682,19.8
00:00:00,0,0
00:00:00,0,0
14:24:44,1.682,19.8
00:00:00,0,0
00:00:00,0,0
14:24:46,1.682,19.8
00:00:00,0,0
00:00:00,0,0
14:24:48,1.682,19.8
00:00:00,0,0
00:00:00,0,0
14:24:50,1.682,19.8
00:00:00,0,0
00:00:00,0,0
14:24:52,1.682,19.8
00:00:00,0,0
00:00:00,0,0
14:24:54,1.682,19.8
00:00:00,0,0
00:00:00,0,0
14:24:56,1.682,19.8
00:00:00,0,0
00:00:00,0,0
14:24:58,1.682,19.8
00:00:00,0,0
00:00:00,0,0
14:25:00,1.682,19.8
00:00:00,0,0
00:00:00,0,0
14:25:02,1.682,19.8
00:00:00,0,0
00:00:00,0,0
14:25:04,1.682,19.8
00:00:00,0,0
00:00:00,0,0
14:25:06,1.682,19.8
00:00:00,0,0
00:00:00,0,0
14:25:08,1.682,19.8
00:00:00,0,0
00:00:00,0,0
14:25:10,1.682,19.8
00:00:00,0,0
00:00:00,0,0
14:25:12,1.682,19.8
00:00:00,0,0
00:00:00,0,0
14:25:14,1.682,19.8
00:00:00,0,0
00:00:00,0,0
14:25:16,1.683,19.8
00:00:00,0,0
00:00:00,0,0
14:25:18,1.683,19.8
00:00:00,0,0
00:00:00,0,0
14:25:20,1.683,19.8
00:00:00,0,0
00:00:00,0,0
14:25:22,1.683,19.8
00:00:00,0,0
00:00:00,0,0
14:25:24,1.683,19.8
00:00:00,0,0
00:00:00,0,0
14:25:26,1.683,19.8
00:00:00,0,0
00:00:00,0,0
14:25:28,1.683,19.8
00:00:00,0,0
00:00:00,0,0
14:25:30,1.683,19.8
00:00:00,0,0
00:00:00,0,0
14:25:32,1.683,19.8
00:00:00,0,0
00:00:00,0,0
14:25:34,1.683,19.8
00:00:00,0,0
00:00:00,0,0
14:25:36,1.683,19.8
00:00:00,0,0
00:00:00,0,0
14:25:38,1.683,19.8
00:00:00,0,0
00:00:00,0,0
14:25:40,1.683,19.8
00:00:00,0,0
00:00:00,0,0
14:25:42,1.683,19.8
00:00:00,0,0
00:00:00,0,0
14:25:44,1.683,19.8
00:00:00,0,0
00:00:00,0,0
14:25:46,1.683,19.8
00:00:00,0,0
00:00:00,0,0
14:25:48,1.683,19.8
00:00:00,0,0
00:00:00,0,0
14:25:50,1.683,19.8
00:00:00,0,0
00:00:00,0,0
14:25:52,1.683,19.8
00:00:00,0,0
00:00:00,0,0
14:25:54,1.683,19.8
00:00:00,0,0
00:00:00,0,0
14:25:56,1.683,19.8
00:00:00,0,0
00:00:00,0,0
14:25:58,1.683,19.8
00:00:00,0,0
00:00:00,0,0
14:26:00,1.683,19.8
00:00:00,0,0
00:00:00,0,0
14:26:02,1.683,19.8
00:00:00,0,0
00:00:00,0,0
14:26:04,1.683,19.8
00:00:00,0,0
00:00:00,0,0
14:26:06,1.683,19.8
00:00:00,0,0
00:00:00,0,0
14:26:08,1.683,19.8
00:00:00,0,0
00:00:00,0,0
14:26:10,1.683,19.8
00:00:00,0,0
00:00:00,0,0
14:26:12,1.683,19.8
00:00:00,0,0
00:00:00,0,0
14:26:14,1.683,19.8
00:00:00,0,0
00:00:00,0,0
14:26:16,1.684,19.8
00:00:00,0,0
00:00:00,0,0
14:26:18,1.684,19.8
00:00:00,0,0
00:00:00,0,0
14:26:20,1.684,19.8
00:00:00,0,0
00:00:00,0,0
14:26:22,1.684,19.8
00:00:00,0,0
00:00:00,0,0
14:26:24,1.684,19.8
00:00:00,0,0
00:00:00,0,0
14:26:26,1.684,19.8
00:00:00,0,0
00:00:00,0,0
14:26:28,1.684,19.8
00:00:00,0,0
00:00:00,0,0
14:26:30,1.684,19.8
00:00:00,0,0
00:00:00,0,0
14:26:32,1.684,19.8
00:00:00,0,0
00:00:00,0,0
14:26:34,1.684,19.8
00:00:00,0,0
00:00:00,0,0
14:26:36,1.684,19.8
00:00:00,0,0
00:00:00,0,0
14:26:38,1.684,19.8
00:00:00,0,0
00:00:00,0,0
14:26:40,1.684,19.8
00:00:00,0,0
00:00:00,0,0
14:26:42,1.684,19.8
00:00:00,0,0
00:00:00,0,0
14:26:44,1.684,19.8
00:00:00,0,0
00:00:00,0,0
14:26:46,1.684,19.8
00:00:00,0,0
00:00:00,0,0
14:26:48,1.684,19.8
00:00:00,0,0
00:00:00,0,0
14:26:50,1.684,19.8
00:00:00,0,0
00:00:00,0,0
14:26:52,1.684,19.8
00:00:00,0,0
00:00:00,0,0
14:26:54,1.684,19.8
00:00:00,0,0
00:00:00,0,0
14:26:56,1.684,19.8
00:00:00,0,0
00:00:00,0,0
14:26:58,1.684,19.8
00:00:00,0,0
00:00:00,0,0
14:27:00,1.684,19.8
00:00:00,0,0
00:00:00,0,0
14:27:02,1.684,19.8
00:00:00,0,0
00:00:00,0,0
14:27:04,1.684,19.8
00:00:00,0,0
00:00:00,0,0
14:27:06,1.685,19.8
00:00:00,0,0
00:00:00,0,0
14:27:08,1.685,19.8
00:00:00,0,0
00:00:00,0,0
14:27:10,1.685,19.8
00:00:00,0,0
00:00:00,0,0
14:27:12,1.685,19.8
00:00:00,0,0
00:00:00,0,0
14:27:14,1.685,19.8
00:00:00,0,0
00:00:00,0,0
14:27:16,1.685,19.8
00:00:00,0,0
00:00:00,0,0
14:27:18,1.685,19.8
00:00:00,0,0
00:00:00,0,0
14:27:20,1.685,19.8
00:00:00,0,0
00:00:00,0,0
14:27:22,1.685,19.8
00:00:00,0,0
00:00:00,0,0
14:27:24,1.685,19.8
00:00:00,0,0
00:00:00,0,0
14:27:26,1.685,19.8
00:00:00,0,0
00:00:00,0,0
14:27:28,1.685,19.8
00:00:00,0,0
00:00:00,0,0
14:27:30,1.685,19.8
00:00:00,0,0
00:00:00,0,0
14:27:32,1.685,19.8
00:00:00,0,0
00:00:00,0,0
14:27:34,1.685,19.8
00:00:00,0,0
00:00:00,0,0
14:27:36,1.685,19.8
00:00:00,0,0
00:00:00,0,0
14:27:38,1.685,19.8
00:00:00,0,0
00:00:00,0,0
14:27:40,1.685,19.8
00:00:00,0,0
00:00:00,0,0
14:27:42,1.685,19.8
00:00:00,0,0
00:00:00,0,0
14:27:44,1.685,19.8
00:00:00,0,0
00:00:00,0,0
14:27:46,1.685,19.8
00:00:00,0,0
00:00:00,0,0
14:27:48,1.685,19.8
00:00:00,0,0
00:00:00,0,0
14:27:50,1.685,19.8
00:00:00,0,0
00:00:00,0,0
14:27:52,1.685,19.9
00:00:00,0,0
00:00:00,0,0
14:27:54,1.684,19.8
00:00:00,0,0
00:00:00,0,0
14:27:56,1.684,19.8
00:00:00,0,0
00:00:00,0,0
14:27:58,1.684,19.8
00:00:00,0,0
00:00:00,0,0
14:28:00,1.685,19.8
00:00:00,0,0
00:00:00,0,0
14:28:02,1.686,19.8
00:00:00,0,0
00:00:00,0,0
14:28:04,1.685,19.9
00:00:00,0,0
00:00:00,0,0
14:28:06,1.685,19.8
00:00:00,0,0
00:00:00,0,0
14:28:08,1.684,19.9
00:00:00,0,0
00:00:00,0,0
14:28:10,1.683,19.9
00:00:00,0,0
00:00:00,0,0
14:28:12,1.682,19.9
00:00:00,0,0
00:00:00,0,0
14:28:14,1.682,19.9
00:00:00,0,0
00:00:00,0,0
14:28:16,1.682,19.9
00:00:00,0,0
00:00:00,0,0
14:28:18,1.682,19.9
00:00:00,0,0
00:00:00,0,0
14:28:20,1.682,19.9
00:00:00,0,0
00:00:00,0,0
14:28:22,1.682,19.9
00:00:00,0,0
00:00:00,0,0
14:28:24,1.682,19.9
00:00:00,0,0
00:00:00,0,0
14:28:26,1.682,19.9
00:00:00,0,0
00:00:00,0,0
14:28:28,1.682,19.9
00:00:00,0,0
00:00:00,0,0
14:28:30,1.682,19.9
00:00:00,0,0
00:00:00,0,0
14:28:32,1.682,19.9
00:00:00,0,0
00:00:00,0,0
14:28:34,1.682,19.9
00:00:00,0,0
00:00:00,0,0
14:28:36,1.682,19.9
00:00:00,0,0
00:00:00,0,0
14:28:38,1.682,19.9
00:00:00,0,0
00:00:00,0,0
14:28:40,1.682,19.9
00:00:00,0,0
00:00:00,0,0
14:28:42,1.682,19.9
00:00:00,0,0
00:00:00,0,0
14:28:44,1.682,19.9
00:00:00,0,0
00:00:00,0,0
14:28:46,1.682,19.9
00:00:00,0,0
00:00:00,0,0
14:28:48,1.682,19.9
00:00:00,0,0
00:00:00,0,0
14:28:50,1.682,19.9
00:00:00,0,0
00:00:00,0,0
14:28:52,1.682,19.9
00:00:00,0,0
00:00:00,0,0
14:28:54,1.682,19.9
00:00:00,0,0
00:00:00,0,0
14:28:56,1.682,19.9
00:00:00,0,0
00:00:00,0,0
14:28:58,1.682,19.9
00:00:00,0,0
00:00:00,0,0
14:29:00,1.683,19.9
00:00:00,0,0
00:00:00,0,0
14:29:02,1.683,19.9
00:00:00,0,0
00:00:00,0,0
14:29:04,1.683,19.9
00:00:00,0,0
00:00:00,0,0
14:29:06,1.683,19.9
00:00:00,0,0
00:00:00,0,0
14:29:08,1.683,19.9
00:00:00,0,0
00:00:00,0,0
14:29:10,1.683,19.9
00:00:00,0,0
00:00:00,0,0
14:29:12,1.683,19.9
00:00:00,0,0
00:00:00,0,0
14:29:14,1.683,19.9
00:00:00,0,0
00:00:00,0,0
14:29:16,1.683,19.9
00:00:00,0,0
00:00:00,0,0
14:29:18,1.683,19.9
00:00:00,0,0
00:00:00,0,0
14:29:20,1.683,19.9
00:00:00,0,0
00:00:00,0,0
14:29:22,1.683,19.9
00:00:00,0,0
00:00:00,0,0
14:29:24,1.683,19.9
00:00:00,0,0
00:00:00,0,0
14:29:26,1.683,19.9
00:00:00,0,0
00:00:00,0,0
14:29:28,1.683,19.9
00:00:00,0,0
00:00:00,0,0
14:29:30,1.683,19.9
00:00:00,0,0
00:00:00,0,0
14:29:32,1.683,19.9
00:00:00,0,0
00:00:00,0,0
14:29:34,1.683,19.9
00:00:00,0,0
00:00:00,0,0
14:29:36,1.683,19.9
00:00:00,0,0
00:00:00,0,0
14:29:38,1.683,19.9
00:00:00,0,0
00:00:00,0,0
14:29:40,1.683,19.9
00:00:00,0,0
00:00:00,0,0
14:29:42,1.683,19.9
00:00:00,0,0
00:00:00,0,0
14:29:44,1.683,19.9
00:00:00,0,0
00:00:00,0,0
14:29:46,1.683,19.9
00:00:00,0,0
00:00:00,0,0
14:29:48,1.683,19.9
00:00:00,0,0
00:00:00,0,0
14:29:50,1.683,19.9
00:00:00,0,0
00:00:00,0,0
14:29:52,1.683,19.9
00:00:00,0,0
00:00:00,0,0
14:29:54,1.683,19.9
00:00:00,0,0
00:00:00,0,0
14:29:56,1.683,19.9
00:00:00,0,0
00:00:00,0,0
14:29:58,1.683,19.9
00:00:00,0,0
00:00:00,0,0
14:30:00,1.683,19.9
00:00:00,0,0
00:00:00,0,0
14:30:02,1.683,19.9
00:00:00,0,0
00:00:00,0,0
14:30:04,1.683,19.9
00:00:00,0,0
00:00:00,0,0
14:30:06,1.683,19.9
00:00:00,0,0
00:00:00,0,0
14:30:08,1.683,19.9
00:00:00,0,0
00:00:00,0,0
14:30:10,1.684,19.9
00:00:00,0,0
00:00:00,0,0
14:30:12,1.684,19.9
00:00:00,0,0
00:00:00,0,0
14:30:14,1.684,19.9
00:00:00,0,0
00:00:00,0,0
14:30:16,1.684,19.9
00:00:00,0,0
00:00:00,0,0
14:30:18,1.684,19.9
00:00:00,0,0
00:00:00,0,0
14:30:20,1.684,19.9
00:00:00,0,0
00:00:00,0,0
14:30:22,1.684,19.9
00:00:00,0,0
00:00:00,0,0
14:30:24,1.684,19.9
00:00:00,0,0
00:00:00,0,0
14:30:26,1.684,19.9
00:00:00,0,0
00:00:00,0,0
14:30:28,1.684,19.9
00:00:00,0,0
00:00:00,0,0
14:30:30,1.684,19.9
00:00:00,0,0
00:00:00,0,0
14:30:32,1.684,19.9
00:00:00,0,0
00:00:00,0,0
14:30:34,1.684,19.9
00:00:00,0,0
00:00:00,0,0
14:30:36,1.684,19.9
00:00:00,0,0
00:00:00,0,0
14:30:38,1.684,19.9
00:00:00,0,0
00:00:00,0,0
14:30:40,1.684,19.9
00:00:00,0,0
00:00:00,0,0
14:30:42,1.684,19.9
00:00:00,0,0
00:00:00,0,0
14:30:44,1.684,19.9
00:00:00,0,0
00:00:00,0,0
14:30:46,1.684,19.9
00:00:00,0,0
00:00:00,0,0
14:30:48,1.684,19.9
00:00:00,0,0
00:00:00,0,0
14:30:50,1.684,19.9
00:00:00,0,0
00:00:00,0,0
14:30:52,1.684,19.9
00:00:00,0,0
00:00:00,0,0
14:30:54,1.684,19.9
00:00:00,0,0
00:00:00,0,0
14:30:56,1.684,19.9
00:00:00,0,0
00:00:00,0,0
14:30:58,1.684,19.9
00:00:00,0,0
00:00:00,0,0
14:31:00,1.684,19.9
00:00:00,0,0
00:00:00,0,0
14:31:02,1.685,19.9
00:00:00,0,0
00:00:00,0,0
14:31:04,1.685,19.9
00:00:00,0,0
00:00:00,0,0
14:31:06,1.685,19.9
00:00:00,0,0
00:00:00,0,0
14:31:08,1.685,19.9
00:00:00,0,0
00:00:00,0,0
14:31:10,1.685,19.9
00:00:00,0,0
00:00:00,0,0
14:31:12,1.685,19.9
00:00:00,0,0
00:00:00,0,0
14:31:14,1.685,19.9
00:00:00,0,0
00:00:00,0,0
14:31:16,1.685,19.9
00:00:00,0,0
00:00:00,0,0
14:31:18,1.685,19.9
00:00:00,0,0
00:00:00,0,0
14:31:20,1.685,19.9
00:00:00,0,0
00:00:00,0,0
14:31:22,1.685,19.9
00:00:00,0,0
00:00:00,0,0
14:31:24,1.685,19.9
00:00:00,0,0
00:00:00,0,0
14:31:26,1.684,19.9
00:00:00,0,0
00:00:00,0,0
14:31:28,1.684,19.9
00:00:00,0,0
00:00:00,0,0
14:31:30,1.684,19.9
00:00:00,0,0
00:00:00,0,0
14:31:32,1.684,19.9
00:00:00,0,0
00:00:00,0,0
14:31:34,1.685,19.9
00:00:00,0,0
00:00:00,0,0
14:31:36,1.685,19.9
00:00:00,0,0
00:00:00,0,0
14:31:38,1.685,19.9
00:00:00,0,0
00:00:00,0,0
14:31:40,1.685,19.9
00:00:00,0,0
00:00:00,0,0
14:31:42,1.685,19.9
00:00:00,0,0
00:00:00,0,0
14:31:44,1.685,19.9
00:00:00,0,0
00:00:00,0,0
14:31:46,1.685,19.9
00:00:00,0,0
00:00:00,0,0
14:31:48,1.685,19.9
00:00:00,0,0
00:00:00,0,0
14:31:50,1.685,19.9
00:00:00,0,0
00:00:00,0,0
14:31:52,1.685,19.9
00:00:00,0,0
00:00:00,0,0
14:31:54,1.685,19.9
00:00:00,0,0
00:00:00,0,0
14:31:56,1.685,19.9
00:00:00,0,0
00:00:00,0,0
14:31:58,1.685,19.9
00:00:00,0,0
00:00:00,0,0
14:32:00,1.685,19.9
00:00:00,0,0
00:00:00,0,0
14:32:02,1.685,19.9
00:00:00,0,0
00:00:00,0,0
14:32:04,1.685,19.9
00:00:00,0,0
00:00:00,0,0
14:32:06,1.685,19.9
00:00:00,0,0
00:00:00,0,0
14:32:08,1.685,19.9
00:00:00,0,0
00:00:00,0,0
14:32:10,1.685,19.9
00:00:00,0,0
00:00:00,0,0
14:32:12,1.685,19.9
00:00:00,0,0
00:00:00,0,0
14:32:14,1.686,19.9
00:00:00,0,0
00:00:00,0,0
14:32:16,1.686,19.9
00:00:00,0,0
00:00:00,0,0
14:32:18,1.686,19.9
00:00:00,0,0
00:00:00,0,0
14:32:20,1.686,19.9
00:00:00,0,0
00:00:00,0,0
14:32:22,1.686,19.9
00:00:00,0,0
00:00:00,0,0
14:32:24,1.686,19.9
00:00:00,0,0
00:00:00,0,0
14:32:26,1.686,19.9
00:00:00,0,0
00:00:00,0,0
14:32:28,1.686,19.9
00:00:00,0,0
00:00:00,0,0
14:32:30,1.686,19.9
00:00:00,0,0
00:00:00,0,0
14:32:32,1.686,19.9
00:00:00,0,0
00:00:00,0,0
14:32:34,1.686,19.9
00:00:00,0,0
00:00:00,0,0
14:32:36,1.686,19.9
00:00:00,0,0
00:00:00,0,0
14:32:38,1.686,19.9
00:00:00,0,0
00:00:00,0,0
14:32:40,1.686,19.9
00:00:00,0,0
00:00:00,0,0
14:32:42,1.686,19.9
00:00:00,0,0
00:00:00,0,0
14:32:44,1.686,19.9
00:00:00,0,0
00:00:00,0,0
14:32:46,1.686,19.9
00:00:00,0,0
00:00:00,0,0
14:32:48,1.686,19.9
00:00:00,0,0
00:00:00,0,0
14:32:50,1.686,19.9
00:00:00,0,0
00:00:00,0,0
14:32:52,1.686,19.9
00:00:00,0,0
00:00:00,0,0
14:32:54,1.686,19.9
00:00:00,0,0
00:00:00,0,0
14:32:56,1.686,19.9
00:00:00,0,0
00:00:00,0,0
14:32:58,1.686,19.9
00:00:00,0,0
00:00:00,0,0
14:33:00,1.686,19.9
00:00:00,0,0
00:00:00,0,0
14:33:02,1.686,19.9
00:00:00,0,0
00:00:00,0,0
14:33:04,1.686,19.9
00:00:00,0,0
00:00:00,0,0
14:33:06,1.686,19.9
00:00:00,0,0
00:00:00,0,0
14:33:08,1.686,19.9
00:00:00,0,0
00:00:00,0,0
14:33:10,1.686,19.9
00:00:00,0,0
00:00:00,0,0
14:33:12,1.686,19.9
00:00:00,0,0
00:00:00,0,0
14:33:14,1.686,19.9
00:00:00,0,0
00:00:00,0,0
14:33:16,1.686,19.9
00:00:00,0,0
00:00:00,0,0
14:33:18,1.686,19.9
00:00:00,0,0
00:00:00,0,0
14:33:20,1.686,19.9
00:00:00,0,0
00:00:00,0,0
14:33:22,1.686,19.9
00:00:00,0,0
00:00:00,0,0
14:33:24,1.686,19.9
00:00:00,0,0
00:00:00,0,0
14:33:26,1.686,19.9
00:00:00,0,0
00:00:00,0,0
14:33:28,1.686,19.9
00:00:00,0,0
00:00:00,0,0
14:33:30,1.686,19.9
00:00:00,0,0
00:00:00,0,0
14:33:32,1.686,19.9
00:00:00,0,0
00:00:00,0,0
14:33:34,1.686,19.9
00:00:00,0,0
00:00:00,0,0
14:33:36,1.686,19.9
00:00:00,0,0
00:00:00,0,0
14:33:38,1.687,19.9
00:00:00,0,0
00:00:00,0,0
14:33:40,1.687,19.9
00:00:00,0,0
00:00:00,0,0
14:33:42,1.687,19.9
00:00:00,0,0
00:00:00,0,0
14:33:44,1.687,19.9
00:00:00,0,0
00:00:00,0,0
14:33:46,1.686,19.9
00:00:00,0,0
00:00:00,0,0
14:33:48,1.686,19.9
00:00:00,0,0
00:00:00,0,0
14:33:50,1.686,19.9
00:00:00,0,0
00:00:00,0,0
14:33:52,1.686,20
00:00:00,0,0
00:00:00,0,0
14:33:54,1.686,20
00:00:00,0,0
00:00:00,0,0
14:33:56,1.685,19.9
00:00:00,0,0
00:00:00,0,0
14:33:58,1.685,19.9
00:00:00,0,0
00:00:00,0,0
14:34:00,1.685,19.9
00:00:00,0,0
00:00:00,0,0
14:34:02,1.685,19.9
00:00:00,0,0
00:00:00,0,0
14:34:04,1.686,20
00:00:00,0,0
00:00:00,0,0
14:34:06,1.686,20
00:00:00,0,0
00:00:00,0,0
14:34:08,1.685,20
00:00:00,0,0
00:00:00,0,0
14:34:10,1.684,20
00:00:00,0,0
00:00:00,0,0
14:34:12,1.683,20
00:00:00,0,0
00:00:00,0,0
14:34:14,1.683,20
00:00:00,0,0
00:00:00,0,0
14:34:16,1.683,20
00:00:00,0,0
00:00:00,0,0
14:34:18,1.683,19.9
00:00:00,0,0
00:00:00,0,0
14:34:20,1.684,20
00:00:00,0,0
00:00:00,0,0
14:34:22,1.684,20
00:00:00,0,0
00:00:00,0,0
14:34:24,1.684,20
00:00:00,0,0
00:00:00,0,0
14:34:26,1.684,20
00:00:00,0,0
00:00:00,0,0
14:34:28,1.684,20
00:00:00,0,0
00:00:00,0,0
14:34:30,1.684,20
00:00:00,0,0
00:00:00,0,0
14:34:32,1.684,19.9
00:00:00,0,0
00:00:00,0,0
14:34:34,1.684,20
00:00:00,0,0
00:00:00,0,0
14:34:36,1.684,20
00:00:00,0,0
00:00:00,0,0
14:34:38,1.684,20
00:00:00,0,0
00:00:00,0,0
14:34:40,1.684,20
00:00:00,0,0
00:00:00,0,0
14:34:42,1.684,20
00:00:00,0,0
00:00:00,0,0
14:34:44,1.683,20
00:00:00,0,0
00:00:00,0,0
14:34:46,1.683,20
00:00:00,0,0
00:00:00,0,0
14:34:48,1.683,20
00:00:00,0,0
00:00:00,0,0
14:34:50,1.684,20
00:00:00,0,0
00:00:00,0,0
14:34:52,1.684,20
00:00:00,0,0
00:00:00,0,0
14:34:54,1.684,20
00:00:00,0,0
00:00:00,0,0
14:34:56,1.684,20
00:00:00,0,0
00:00:00,0,0
14:34:58,1.684,20
00:00:00,0,0
00:00:00,0,0
14:35:00,1.684,20
00:00:00,0,0
00:00:00,0,0
14:35:02,1.684,20
00:00:00,0,0
00:00:00,0,0
14:35:04,1.684,20
00:00:00,0,0
00:00:00,0,0
14:35:06,1.684,20
00:00:00,0,0
00:00:00,0,0
14:35:08,1.684,20
00:00:00,0,0
00:00:00,0,0
14:35:10,1.684,20
00:00:00,0,0
00:00:00,0,0
14:35:12,1.684,20
00:00:00,0,0
00:00:00,0,0
14:35:14,1.684,20
00:00:00,0,0
00:00:00,0,0
14:35:16,1.684,20
00:00:00,0,0
00:00:00,0,0
14:35:18,1.684,20
00:00:00,0,0
00:00:00,0,0
14:35:20,1.684,20
00:00:00,0,0
00:00:00,0,0
14:35:22,1.684,20
00:00:00,0,0
00:00:00,0,0
14:35:24,1.684,20
00:00:00,0,0
00:00:00,0,0
14:35:26,1.684,20
00:00:00,0,0
00:00:00,0,0
14:35:28,1.684,20
00:00:00,0,0
00:00:00,0,0
14:35:30,1.684,20
00:00:00,0,0
00:00:00,0,0
14:35:32,1.684,20
00:00:00,0,0
00:00:00,0,0
14:35:34,1.684,20
00:00:00,0,0
00:00:00,0,0
14:35:36,1.684,20
00:00:00,0,0
00:00:00,0,0
14:35:38,1.684,20
00:00:00,0,0
00:00:00,0,0
14:35:40,1.684,20
00:00:00,0,0
00:00:00,0,0
14:35:42,1.684,20
00:00:00,0,0
00:00:00,0,0
14:35:44,1.684,20
00:00:00,0,0
00:00:00,0,0
14:35:46,1.684,20
00:00:00,0,0
00:00:00,0,0
14:35:48,1.684,20
00:00:00,0,0
00:00:00,0,0
14:35:50,1.684,20
00:00:00,0,0
00:00:00,0,0
14:35:52,1.685,20
00:00:00,0,0
00:00:00,0,0
14:35:54,1.685,20
00:00:00,0,0
00:00:00,0,0
14:35:56,1.685,20
00:00:00,0,0
00:00:00,0,0
14:35:58,1.685,20
00:00:00,0,0
00:00:00,0,0
14:36:00,1.685,20
00:00:00,0,0
00:00:00,0,0
14:36:02,1.685,20
00:00:00,0,0
00:00:00,0,0
14:36:04,1.685,20
00:00:00,0,0
00:00:00,0,0
14:36:06,1.685,20
00:00:00,0,0
00:00:00,0,0
14:36:08,1.685,20
00:00:00,0,0
00:00:00,0,0
14:36:10,1.685,20
00:00:00,0,0
00:00:00,0,0
14:36:12,1.685,20
00:00:00,0,0
00:00:00,0,0
14:36:14,1.685,20
00:00:00,0,0
00:00:00,0,0
14:36:16,1.685,20
00:00:00,0,0
00:00:00,0,0
14:36:18,1.685,20
00:00:00,0,0
00:00:00,0,0
14:36:20,1.685,20
00:00:00,0,0
00:00:00,0,0
14:36:22,1.685,20
00:00:00,0,0
00:00:00,0,0
14:36:24,1.685,20
00:00:00,0,0
00:00:00,0,0
14:36:26,1.685,20
00:00:00,0,0
00:00:00,0,0
14:36:28,1.685,20
00:00:00,0,0
00:00:00,0,0
14:36:30,1.685,20
00:00:00,0,0
00:00:00,0,0
14:36:32,1.685,20
00:00:00,0,0
00:00:00,0,0
14:36:34,1.685,20
00:00:00,0,0
00:00:00,0,0
14:36:36,1.685,20
00:00:00,0,0
00:00:00,0,0
14:36:38,1.685,20
00:00:00,0,0
00:00:00,0,0
14:36:40,1.685,20
00:00:00,0,0
00:00:00,0,0
14:36:42,1.685,20
00:00:00,0,0
00:00:00,0,0
14:36:44,1.685,20
00:00:00,0,0
00:00:00,0,0
14:36:46,1.685,20
00:00:00,0,0
00:00:00,0,0
14:36:48,1.685,20
00:00:00,0,0
00:00:00,0,0
14:36:50,1.685,20
00:00:00,0,0
00:00:00,0,0
14:36:52,1.685,20
00:00:00,0,0
00:00:00,0,0
14:36:54,1.685,20
00:00:00,0,0
00:00:00,0,0
14:36:56,1.686,20
00:00:00,0,0
00:00:00,0,0
14:36:58,1.685,20
00:00:00,0,0
00:00:00,0,0
14:37:00,1.685,20
00:00:00,0,0
00:00:00,0,0
14:37:02,1.685,20
00:00:00,0,0
00:00:00,0,0
14:37:04,1.685,20
00:00:00,0,0
00:00:00,0,0
14:37:06,1.685,20
00:00:00,0,0
00:00:00,0,0
14:37:08,1.685,20
00:00:00,0,0
00:00:00,0,0
14:37:10,1.686,20
00:00:00,0,0
00:00:00,0,0
14:37:12,1.686,20
00:00:00,0,0
00:00:00,0,0
14:37:14,1.686,20
00:00:00,0,0
00:00:00,0,0
14:37:16,1.686,20
00:00:00,0,0
00:00:00,0,0
14:37:18,1.686,20
00:00:00,0,0
00:00:00,0,0
14:37:20,1.686,20
00:00:00,0,0
00:00:00,0,0
14:37:22,1.686,20
00:00:00,0,0
00:00:00,0,0
14:37:24,1.686,20
00:00:00,0,0
00:00:00,0,0
14:37:26,1.686,20
00:00:00,0,0
00:00:00,0,0
14:37:28,1.686,20
00:00:00,0,0
00:00:00,0,0
14:37:30,1.686,20
00:00:00,0,0
00:00:00,0,0
14:37:32,1.686,20
00:00:00,0,0
00:00:00,0,0
14:37:34,1.686,20
00:00:00,0,0
00:00:00,0,0
14:37:36,1.686,20
00:00:00,0,0
00:00:00,0,0
14:37:38,1.686,20
00:00:00,0,0
00:00:00,0,0
14:37:40,1.686,20
00:00:00,0,0
00:00:00,0,0
14:37:42,1.686,20
00:00:00,0,0
00:00:00,0,0
14:37:44,1.686,20
00:00:00,0,0
00:00:00,0,0
14:37:46,1.686,20
00:00:00,0,0
00:00:00,0,0
14:37:48,1.686,20
00:00:00,0,0
00:00:00,0,0
14:37:50,1.686,20
00:00:00,0,0
00:00:00,0,0
14:37:52,1.686,20
00:00:00,0,0
00:00:00,0,0
14:37:54,1.686,20
00:00:00,0,0
00:00:00,0,0
14:37:56,1.686,20
00:00:00,0,0
00:00:00,0,0
14:37:58,1.686,20
00:00:00,0,0
00:00:00,0,0
14:38:00,1.686,20
00:00:00,0,0
00:00:00,0,0
14:38:02,1.686,20
00:00:00,0,0
00:00:00,0,0
14:38:04,1.686,20
00:00:00,0,0
00:00:00,0,0
14:38:06,1.686,20
00:00:00,0,0
00:00:00,0,0
14:38:08,1.686,20
00:00:00,0,0
00:00:00,0,0
14:38:10,1.686,20
00:00:00,0,0
00:00:00,0,0
14:38:12,1.686,20
00:00:00,0,0
00:00:00,0,0
14:38:14,1.686,20
00:00:00,0,0
00:00:00,0,0
14:38:16,1.686,20
00:00:00,0,0
00:00:00,0,0
14:38:18,1.686,20
00:00:00,0,0
00:00:00,0,0
14:38:20,1.686,20
00:00:00,0,0
00:00:00,0,0
14:38:22,1.686,20
00:00:00,0,0
00:00:00,0,0
14:38:24,1.686,20
00:00:00,0,0
00:00:00,0,0
14:38:26,1.686,20
00:00:00,0,0
00:00:00,0,0
14:38:28,1.686,20
00:00:00,0,0
00:00:00,0,0
14:38:30,1.687,20
00:00:00,0,0
00:00:00,0,0
14:38:32,1.687,20
00:00:00,0,0
00:00:00,0,0
14:38:34,1.687,20
00:00:00,0,0
00:00:00,0,0
14:38:36,1.687,20
00:00:00,0,0
00:00:00,0,0
14:38:38,1.686,20
00:00:00,0,0
00:00:00,0,0
14:38:40,1.686,20
00:00:00,0,0
00:00:00,0,0
14:38:42,1.686,20
00:00:00,0,0
00:00:00,0,0
14:38:44,1.686,20
00:00:00,0,0
00:00:00,0,0
14:38:46,1.687,20
00:00:00,0,0
00:00:00,0,0
14:38:48,1.687,20
00:00:00,0,0
00:00:00,0,0
14:38:50,1.687,20
00:00:00,0,0
00:00:00,0,0
14:38:52,1.687,20
00:00:00,0,0
00:00:00,0,0
14:38:54,1.687,20
00:00:00,0,0
00:00:00,0,0
14:38:56,1.687,20
00:00:00,0,0
00:00:00,0,0
14:38:58,1.687,20
00:00:00,0,0
00:00:00,0,0
14:39:00,1.687,20
00:00:00,0,0
00:00:00,0,0
14:39:02,1.687,20
00:00:00,0,0
00:00:00,0,0
14:39:04,1.687,20
00:00:00,0,0
00:00:00,0,0
14:39:06,1.687,20
00:00:00,0,0
00:00:00,0,0
14:39:08,1.687,20
00:00:00,0,0
00:00:00,0,0
14:39:10,1.687,20
00:00:00,0,0
00:00:00,0,0
14:39:12,1.687,20
00:00:00,0,0
00:00:00,0,0
14:39:14,1.687,20
00:00:00,0,0
00:00:00,0,0
14:39:16,1.687,20
00:00:00,0,0
00:00:00,0,0
14:39:18,1.687,20
00:00:00,0,0
00:00:00,0,0
14:39:20,1.687,20
00:00:00,0,0
00:00:00,0,0
14:39:22,1.687,20
00:00:00,0,0
00:00:00,0,0
14:39:24,1.687,20
00:00:00,0,0
00:00:00,0,0
14:39:26,1.687,20
00:00:00,0,0
00:00:00,0,0
14:39:28,1.688,20
00:00:00,0,0
00:00:00,0,0
14:39:30,1.688,20
00:00:00,0,0
00:00:00,0,0
14:39:32,1.688,20
00:00:00,0,0
00:00:00,0,0
14:39:34,1.688,20
00:00:00,0,0
00:00:00,0,0
14:39:36,1.688,20
00:00:00,0,0
00:00:00,0,0
14:39:38,1.688,20
00:00:00,0,0
00:00:00,0,0
14:39:40,1.688,20
00:00:00,0,0
00:00:00,0,0
14:39:42,1.688,20
00:00:00,0,0
00:00:00,0,0
14:39:44,1.688,20
00:00:00,0,0
00:00:00,0,0
14:39:46,1.688,20
00:00:00,0,0
00:00:00,0,0
14:39:48,1.688,20
00:00:00,0,0
00:00:00,0,0
14:39:50,1.688,20
00:00:00,0,0
00:00:00,0,0
14:39:52,1.688,20
00:00:00,0,0
00:00:00,0,0
14:39:54,1.688,20
00:00:00,0,0
00:00:00,0,0
14:39:56,1.688,20
00:00:00,0,0
00:00:00,0,0
14:39:58,1.688,20
00:00:00,0,0
00:00:00,0,0
14:40:00,1.688,20
00:00:00,0,0
00:00:00,0,0
14:40:02,1.688,20
00:00:00,0,0
00:00:00,0,0
14:40:04,1.688,20
00:00:00,0,0
00:00:00,0,0
14:40:06,1.688,20
00:00:00,0,0
00:00:00,0,0
14:40:08,1.688,20
00:00:00,0,0
00:00:00,0,0
14:40:10,1.688,20
00:00:00,0,0
00:00:00,0,0
14:40:12,1.688,20
00:00:00,0,0
00:00:00,0,0
14:40:14,1.688,20
00:00:00,0,0
00:00:00,0,0
14:40:16,1.688,20.1
00:00:00,0,0
00:00:00,0,0
