Time,Conductivity_in (mS),Conductivity_in @25*C (microS),Temperature_in,Conductivity_out (mS),Conductivity_out @25*C (microS),Temperature_out
14:07:00,8.65,8.78,24.25,20.53,20.63,24.75
14:07:01,7.91,8.02,24.25,20.09,20.28,24.5
14:07:02,7.91,8.06,24,20.98,21.08,24.75
14:07:03,7.91,7.99,24.5,20.98,21.08,24.75
14:07:04,7.91,7.99,24.5,19.64,19.83,24.5
14:07:05,7.91,8.06,24,20.08,20.18,24.75
14:07:06,7.91,8.02,24.25,19.24,19.33,24.75
14:07:07,8.65,8.86,23.75,19.64,20.12,23.75
14:07:08,7.17,7.24,24.5,19.64,19.64,25
14:07:09,7.91,8.02,24.25,19.64,19.92,24.25
14:07:10,8.65,8.78,24.25,19.25,19.81,23.5
14:07:11,7.17,7.27,24.25,18.8,19.07,24.25
14:07:12,7.91,8.06,24,18.8,19.07,24.25
14:07:13,7.91,7.99,24.5,19.25,19.43,24.5
14:07:14,7.17,7.31,24,19.25,19.43,24.5
14:07:15,7.18,7.28,24.25,18.8,19.07,24.25
14:07:16,7.91,8.02,24.25,18.8,18.89,24.75
14:07:17,6.44,6.53,24.25,19.64,19.92,24.25
14:07:19,7.91,8.02,24.25,18.8,19.07,24.25
14:07:19,7.91,8.02,24.25,18.35,18.44,24.75
14:07:20,6.44,6.53,24.25,18.8,19.07,24.25
14:07:21,7.18,7.25,24.5,18.8,19.07,24.25
14:07:22,7.91,8.06,24,19.25,19.34,24.75
14:07:23,8.64,8.76,24.25,19.25,19.72,23.75
14:07:24,7.18,7.32,24,18.35,18.62,24.25
14:07:25,7.18,7.28,24.25,18.35,18.62,24.25
14:07:26,7.91,8.02,24.25,19.25,19.53,24.25
14:07:27,7.91,7.99,24.5,17.9,18.16,24.25
14:07:28,7.17,7.24,24.5,17.46,17.63,24.5
14:07:29,6.44,6.53,24.25,18.8,19.16,24
14:07:30,7.91,8.06,24,17.46,17.71,24.25
14:07:31,7.91,8.02,24.25,17.46,17.71,24.25
14:07:32,7.17,7.27,24.25,17.91,18.26,24
14:07:33,8.65,8.82,24,18.36,18.72,24
14:07:34,7.18,7.35,23.75,18.8,19.16,24
14:07:35,6.44,6.56,24,17.46,17.63,24.5
14:07:36,8.65,8.73,24.5,17.91,18.17,24.25
14:07:37,6.44,6.53,24.25,17.91,18.08,24.5
14:07:38,6.44,6.56,24,17.46,17.71,24.25
14:07:39,7.91,8.02,24.25,17.91,18.08,24.5
14:07:39,7.91,8.06,24,17.01,17.17,24.5
14:07:40,7.91,8.02,24.25,17.46,17.71,24.25
14:07:41,7.18,7.32,24,18.35,18.62,24.25
14:07:42,7.17,7.31,24,17.47,17.64,24.5
14:07:43,7.91,8.06,24,17.47,17.72,24.25
14:07:44,7.18,7.28,24.25,17.46,17.8,24
14:07:45,7.18,7.28,24.25,18.35,18.44,24.75
14:07:46,7.91,7.99,24.5,17.47,17.72,24.25
14:07:47,7.91,8.02,24.25,17.47,17.55,24.75
14:07:48,7.91,8.06,24,18.36,18.54,24.5
14:07:49,8.65,8.78,24.25,17.91,18.17,24.25
14:07:50,7.91,7.99,24.5,17.46,17.71,24.25
14:07:51,9.39,9.57,24,17.46,17.63,24.5
14:07:52,7.18,7.28,24.25,19.64,19.92,24.25
14:07:53,8.65,8.78,24.25,18.81,18.99,24.5
14:07:54,8.65,8.82,24,18.36,18.72,24
14:07:55,7.91,8.06,24,18.36,18.63,24.25
14:07:56,7.18,7.25,24.5,17.46,17.71,24.25
14:07:57,7.18,7.32,24,17.01,17.26,24.25
14:07:58,7.18,7.28,24.25,17.91,18.17,24.25
14:07:59,7.91,8.1,23.75,17.91,18.26,24
14:08:00,7.91,7.99,24.5,17.46,17.54,24.75
14:08:01,8.65,8.73,24.5,16.62,16.94,24
14:08:02,7.18,7.28,24.25,17.46,17.54,24.75
14:08:03,7.18,7.32,24,17.46,17.63,24.5
14:08:04,7.18,7.32,24,17.02,17.18,24.5
14:08:05,8.65,8.78,24.25,17.01,17.26,24.25
14:08:06,7.92,8.03,24.25,17.01,17.17,24.5
14:08:07,7.18,7.28,24.25,17.01,17.17,24.5
14:08:08,7.92,8.03,24.25,17.46,17.71,24.25
14:08:09,7.92,8.03,24.25,17.47,17.81,24
14:08:10,7.18,7.25,24.5,16.62,16.78,24.5
14:08:11,7.92,8.07,24,16.62,16.78,24.5
14:08:12,8.65,8.78,24.25,17.01,17.42,23.75
14:08:13,8.65,8.78,24.25,17.02,17.27,24.25
14:08:14,9.38,9.47,24.5,16.62,16.94,24
14:08:15,7.92,8,24.5,17.46,17.63,24.5
14:08:16,7.92,8,24.5,17.02,17.35,24
14:08:17,8.65,8.73,24.5,17.01,17.26,24.25
14:08:18,7.91,8.02,24.25,17.02,17.18,24.5
14:08:19,8.65,8.82,24,17.01,17.26,24.25
14:08:20,7.92,8.03,24.25,16.62,16.86,24.25
14:08:21,8.65,8.78,24.25,16.62,16.78,24.5
14:08:22,7.18,7.25,24.5,17.01,17.17,24.5
14:08:22,7.92,8.11,23.75,16.18,16.34,24.5
14:08:23,8.65,8.78,24.25,16.62,16.7,24.75
14:08:34,7.92,8.03,24.25,0,0,24.5
14:08:47,8.65,8.86,23.75,0,0,24.25
14:08:53,7.92,8.07,24,15.73,15.96,24.25
14:08:55,8.66,8.79,24.25,16.17,16.25,24.75
14:08:57,7.92,8.07,24,16.62,16.7,24.75
14:08:59,8.65,8.78,24.25,17.45,17.53,24.75
14:09:01,11.5,11.67,24.25,16.17,16.4,24.25
14:09:02,0,0,24.25,17.01,17.26,24.25
14:09:04,0,0,24,16.62,16.7,24.75
14:09:04,0,0,24.25,17.01,17.34,24
14:09:06,0,0,24.25,15.73,15.88,24.5
14:09:08,0,0,24.25,17.01,17.09,24.75
14:09:10,0,0,24,17.01,17.01,25
14:09:11,0.39,0.4,24.25,17.45,17.7,24.25
14:09:13,0,0,24.25,16.62,16.86,24.25
14:09:14,9.39,9.48,24.5,17.01,17.17,24.5
14:09:15,9.39,9.53,24.25,17.45,17.7,24.25
14:09:16,8.66,8.83,24,16.62,16.94,24
14:09:17,9.39,9.53,24.25,17.01,17.26,24.25
14:09:18,9.39,9.48,24.5,16.62,16.94,24
14:09:19,9.39,9.48,24.5,16.17,16.33,24.5
14:09:20,10.03,10.22,24,16.62,16.78,24.5
14:09:21,11.5,11.61,24.5,17,17.33,24
14:09:22,8.66,8.83,24,16.17,16.4,24.25
14:09:23,7.18,7.43,23.25,16.61,16.77,24.5
14:09:24,12.24,12.42,24.25,17.01,17.34,24
14:09:25,12.99,13.18,24.25,16.61,16.77,24.5
14:09:26,12.98,13.17,24.25,15.73,15.96,24.25
14:09:27,12.98,13.23,24,16.61,16.85,24.25
14:09:28,12.24,12.42,24.25,17,17.16,24.5
14:09:29,12.25,12.49,24,15.73,15.88,24.5
14:09:30,15.1,15.24,24.5,16.61,16.77,24.5
14:09:31,13.73,13.93,24.25,16.61,16.93,24
14:09:32,13.73,14.06,23.75,15.72,15.87,24.5
14:09:33,14.36,14.64,24,17.01,17.17,24.5
14:09:34,14.37,14.79,23.5,16.17,16.4,24.25
14:09:35,12.99,13.18,24.25,16.62,16.94,24
14:09:36,12.99,13.18,24.25,17,17.16,24.5
14:09:37,13.72,13.85,24.5,16.61,16.85,24.25
14:09:38,12.99,13.24,24,17.01,17.26,24.25
14:09:39,12.98,13.17,24.25,16.61,16.85,24.25
14:09:40,12.98,13.23,24,17,17.25,24.25
14:09:41,13.72,13.85,24.5,15.72,15.95,24.25
14:09:42,12.99,13.18,24.25,15.72,15.87,24.5
14:09:43,12.25,12.49,24,16.62,16.86,24.25
14:09:44,12.98,13.3,23.75,16.17,16.48,24
14:09:45,12.98,13.3,23.75,16.17,16.48,24
14:09:46,12.98,13.1,24.5,17,17.25,24.25
14:09:47,13.72,13.92,24.25,16.61,16.77,24.5
14:09:47,12.98,13.23,24,16.61,16.69,24.75
14:09:48,12.99,13.24,24,16.62,16.94,24
14:09:49,12.99,13.31,23.75,16.62,16.86,24.25
14:09:50,13.72,13.85,24.5,16.61,16.85,24.25
14:09:51,12.25,12.43,24.25,16.62,16.78,24.5
14:09:52,13.72,13.92,24.25,16.61,16.85,24.25
14:09:53,12.25,12.43,24.25,16.62,16.94,24
14:09:54,12.25,12.55,23.75,16.62,16.86,24.25
14:09:55,12.24,12.48,24,16.61,16.93,24
14:09:56,12.24,12.42,24.25,16.61,16.85,24.25
14:09:57,13.72,13.99,24,16.17,16.33,24.5
14:09:58,12.99,13.18,24.25,16.62,16.86,24.25
14:09:59,12.25,12.43,24.25,16.17,16.33,24.5
14:10:00,12.25,12.43,24.25,16.61,16.85,24.25
14:10:01,12.24,12.42,24.25,16.61,16.85,24.25
14:10:02,13.72,13.85,24.5,16.17,16.4,24.25
14:10:03,12.25,12.37,24.5,15.72,15.8,24.75
14:10:04,12.25,12.55,23.75,17.01,17.09,24.75
14:10:05,12.99,13.18,24.25,16.61,16.85,24.25
14:10:06,13.72,14.05,23.75,16.61,16.85,24.25
14:10:07,13.72,13.92,24.25,17,17.25,24.25
14:10:08,12.25,12.49,24,17,17.25,24.25
14:10:09,12.24,12.48,24,16.17,16.4,24.25
14:10:10,12.98,13.17,24.25,15.73,15.96,24.25
14:10:11,13.71,13.91,24.25,17,17.25,24.25
14:10:12,12.25,12.37,24.5,16.62,16.94,24
14:10:13,12.98,13.17,24.25,16.61,16.85,24.25
14:10:14,12.98,13.17,24.25,17,17.16,24.5
14:10:15,13.72,14.19,23.25,17.45,17.7,24.25
14:10:16,12.98,13.1,24.5,16.17,16.4,24.25
14:10:17,12.25,12.49,24,16.62,16.86,24.25
14:10:18,15.09,15.31,24.25,17.9,18.25,24
14:10:19,12.24,12.48,24,17.01,17.26,24.25
14:10:20,12.97,13.16,24.25,17.01,17.26,24.25
14:10:21,12.98,13.17,24.25,17,17.25,24.25
14:10:22,13.71,13.91,24.25,16.62,16.86,24.25
14:10:23,12.24,12.42,24.25,17.01,17.34,24
14:10:24,14.36,14.64,24,17,17.33,24
14:10:25,13.72,13.92,24.25,17.45,17.79,24
14:10:26,12.25,12.43,24.25,17.9,18.07,24.5
14:10:27,13.7,13.9,24.25,15.73,15.96,24.25
14:10:28,14.34,14.55,24.25,16.61,16.77,24.5
14:10:29,10.05,10.2,24.25,15.28,15.43,24.5
14:10:30,15.08,15.52,23.5,16.61,16.85,24.25
14:10:31,11.51,11.73,24,17.01,17.34,24
14:10:31,12.97,13.29,23.75,17,17.41,23.75
14:10:32,10.78,11.04,23.75,18.33,18.51,24.5
14:10:33,11.51,11.56,24.75,16.62,16.94,24
14:10:34,15.09,15.23,24.5,16.62,16.94,24
14:10:35,12.24,12.48,24,17,17.16,24.5
14:10:36,13.72,13.85,24.5,16.61,16.69,24.75
14:10:37,12.98,13.23,24,16.61,16.85,24.25
14:10:38,12.98,13.23,24,16.62,16.86,24.25
14:10:39,12.98,13.17,24.25,17,17.16,24.5
14:10:40,12.98,13.1,24.5,17,17.33,24
14:10:41,12.97,13.09,24.5,17.46,17.8,24
14:10:42,13.71,13.91,24.25,18.34,18.79,23.75
14:10:43,10.04,10.19,24.25,17,17.16,24.5
14:10:44,15.08,15.37,24,19.22,19.4,24.5
14:10:45,13.72,13.85,24.5,17.02,17.1,24.75
14:10:46,17.96,18.4,23.75,18.81,18.99,24.5
14:10:47,23.05,23.5,24,21.45,21.87,24
14:10:48,25.89,26.39,24,25.34,25.71,24.25
14:10:49,27.37,27.63,24.5,26.24,26.49,24.5
14:10:50,25.9,26.4,24,27.09,27.61,24
14:10:51,24.52,24.87,24.25,26.64,26.9,24.5
14:10:52,23.05,23.61,23.75,25.37,25.86,24
14:10:53,25.22,25.71,24,25.79,26.04,24.5
14:10:54,23.76,24.1,24.25,23.18,23.63,24
14:10:55,25.84,26.47,23.75,25.77,26.14,24.25
14:10:56,20.92,21.22,24.25,24.9,25.14,24.5
14:10:57,20.9,21.2,24.25,22.72,22.83,24.75
14:10:58,20.9,21.2,24.25,22.27,22.38,24.75
14:10:59,21.53,21.95,24,23.6,23.94,24.25
14:11:00,17.97,18.32,24,23.59,23.93,24.25
14:11:01,18.71,18.89,24.5,22.27,22.7,24
14:11:02,16.6,16.92,24,22.3,22.62,24.25
14:11:03,18.69,19.05,24,24.47,24.7,24.5
14:11:04,15.86,16.17,24,19.65,19.93,24.25
14:11:05,19.41,19.69,24.25,20.54,20.84,24.25
14:11:06,18.67,18.94,24.25,20.97,21.17,24.5
14:11:07,17.94,18.29,24,19.65,19.93,24.25
14:11:08,18.67,18.94,24.25,20.52,20.72,24.5
14:11:09,16.58,16.9,24,20.97,21.17,24.5
14:11:10,17.98,18.15,24.5,20.97,21.07,24.75
14:11:11,41.01,41.6,24.25,28.83,29.11,24.5
14:11:12,53.29,54.32,24,41.17,41.77,24.25
14:11:13,54.76,55.55,24.25,49.09,49.56,24.5
14:11:14,44.67,45.32,24.25,53.87,54.65,24.25
14:11:14,32.44,32.91,24.25,45.04,45.47,24.5
14:11:15,25.24,25.73,24,34.54,34.7,24.75
14:11:16,20.92,21.22,24.25,28,28.4,24.25
14:11:21,20.15,20.44,24.25,25.8,26.05,24.5
14:11:21,17.95,18.3,24,22.72,23.05,24.25
14:11:21,15.84,16.3,23.5,20.98,21.18,24.5
14:11:21,16.58,16.9,24,20.08,20.37,24.25
14:11:21,15.83,16.14,24,19.63,19.72,24.75
14:11:22,15.09,15.23,24.5,19.24,19.52,24.25
14:11:23,13.71,13.84,24.5,17.91,18.17,24.25
14:11:24,15.09,15.31,24.25,18.79,19.06,24.25
14:11:25,12.25,12.49,24,16.16,16.39,24.25
14:11:26,15.09,15.31,24.25,17.45,17.79,24
14:11:27,13.71,13.98,24,17.9,18.07,24.5
14:11:28,13.71,13.91,24.25,18.35,18.53,24.5
14:11:29,12.24,12.42,24.25,18.35,18.62,24.25
14:11:30,12.97,13.16,24.25,17.45,17.62,24.5
14:11:31,14.35,14.63,24,17.9,18.25,24
14:11:32,12.98,13.23,24,16.62,16.78,24.5
14:11:33,14.36,14.64,24,17.45,17.7,24.25
14:11:34,13.72,14.05,23.75,17.45,17.62,24.5
14:11:35,12.99,13.18,24.25,17.01,17.26,24.25
14:11:36,15.1,15.32,24.25,17.46,17.71,24.25
14:11:37,5.8,5.88,24.25,17.01,17.26,24.25
14:11:38,43.25,44.09,24,16.62,16.86,24.25
14:11:39,46.87,47.55,24.25,7.44,7.48,24.75
14:11:40,51.88,52.63,24.25,49.93,50.65,24.25
14:11:41,51.98,52.99,24,54.71,55.5,24.25
14:11:42,55.57,56.92,23.75,56.13,56.94,24.25
14:11:43,59.84,61.6,23.5,57.48,58.31,24.25
14:11:44,61.31,62.2,24.25,64.36,64.98,24.5
14:11:45,62.81,63.72,24.25,64.91,66.17,24
14:11:46,67.67,68.98,24,67.13,67.77,24.5
14:11:47,67.21,68.51,24,72.34,73.03,24.5
14:11:48,67.89,68.87,24.25,73.69,74.76,24.25
14:11:49,71.53,72.56,24.25,76.28,77.76,24
14:11:50,75.2,76.29,24.25,76.43,77.53,24.25
14:11:51,77.23,78.73,24,78.64,79.39,24.5
14:11:53,79.35,81.68,23.5,80.37,81.53,24.25
14:11:53,80.83,82,24.25,84.68,86.32,24
14:11:54,80.2,82.15,23.75,83.92,85.96,23.75
14:11:55,85.17,86.4,24.25,84.39,85.61,24.25
14:11:56,87.97,89.67,24,87.42,88.26,24.5
14:11:57,88.76,90.04,24.25,88.77,90.05,24.25
14:11:57,88.14,89.41,24.25,90.52,92.27,24
14:11:58,89.64,91.38,24,92.21,93.54,24.25
14:11:59,89.68,91.42,24,92.71,94.05,24.25
14:12:00,91.06,92.38,24.25,93.6,94.95,24.25
14:12:01,92.46,93.8,24.25,94.08,94.98,24.5
14:12:02,92.5,93.39,24.5,94.86,96.23,24.25
14:12:03,93.96,95.78,24,96.2,97.12,24.5
14:12:04,94.67,96.04,24.25,94.96,96.33,24.25
14:12:05,96.05,97.44,24.25,97.51,98.92,24.25
14:12:07,92.59,93.48,24.5,97.12,98.52,24.25
14:12:07,94.03,95.39,24.25,97.13,98.53,24.25
14:12:08,93.3,94.65,24.25,97.61,99.02,24.25
14:12:09,96.07,97.93,24,98.03,98.97,24.5
14:12:10,94.06,95.42,24.25,97.21,98.14,24.5
14:12:11,97.48,98.41,24.5,97.63,98.57,24.5
14:12:12,96.78,98.65,24,99.22,100.65,24.25
14:12:13,94.09,95.91,24,99.69,101.13,24.25
14:12:14,94.1,95.92,24,98.89,100.32,24.25
14:12:15,96.8,97.26,24.75,101,102.46,24.25
14:12:16,94.75,96.12,24.25,99.28,100.23,24.5
14:12:17,95.47,96.85,24.25,100.6,101.56,24.5
14:12:18,95.5,97.35,24,97.13,98.06,24.5
14:12:19,98.22,99.64,24.25,100.6,102.55,24
14:12:20,94.83,96.2,24.25,101.5,102.47,24.5
14:12:21,96.14,97.53,24.25,99.36,101.28,24
14:12:22,98.9,100.82,24,98.99,100.42,24.25
14:12:23,99.67,101.6,24,98.99,99.94,24.5
14:12:24,97.65,99.06,24.25,100.2,101.65,24.25
14:12:25,97.58,98.99,24.25,100.7,102.16,24.25
14:12:26,98.94,100.37,24.25,99,100.43,24.25
14:12:27,98.95,100.38,24.25,99.38,102.3,23.5
14:12:28,98.94,100.37,24.25,101.9,103.37,24.25
14:12:29,98.33,99.75,24.25,99.35,100.3,24.5
14:12:30,98.4,99.82,24.25,100.2,100.68,24.75
14:12:31,99.73,101.17,24.25,101.5,102.97,24.25
14:12:32,98.4,99.82,24.25,100.7,101.18,24.75
14:12:33,98.42,100.33,24,100.7,102.16,24.25
14:12:34,97.73,100.11,23.75,102.7,104.18,24.25
14:12:35,99.06,100.01,24.5,101.5,103.47,24
14:12:36,98.44,99.86,24.25,100.3,101.75,24.25
14:12:37,101.1,103.06,24,101.9,103.37,24.25
14:12:38,98.36,99.78,24.25,101.9,103.37,24.25
14:12:39,99.06,100.49,24.25,101.5,102.97,24.25
14:12:40,99.03,101.44,23.75,101.5,102.47,24.5
14:12:41,99.75,101.68,24,102,104.48,23.75
14:12:41,100.5,102.94,23.75,101.2,102.66,24.25
14:12:42,99.77,102.2,23.75,102,102.98,24.5
14:12:43,99.8,101.24,24.25,102.4,103.38,24.5
14:12:44,99.03,100.46,24.25,101.9,102.39,24.75
14:12:45,98.38,100.29,24,101.5,102.97,24.25
14:12:46,101.2,102.66,24.25,102,103.47,24.25
14:12:47,101.2,102.17,24.5,100.7,102.16,24.25
14:12:48,101.2,102.66,24.25,102,103.98,24
14:12:49,99.76,101.2,24.25,100.7,101.67,24.5
14:12:50,99.79,101.23,24.25,102,103.47,24.25
14:12:51,98.49,99.91,24.25,102.4,102.89,24.75
14:12:52,98.45,99.87,24.25,102.4,103.88,24.25
14:12:53,99.85,100.33,24.75,102,102.98,24.5
14:12:54,100.5,101.95,24.25,102.4,103.38,24.5
14:12:55,101.3,102.76,24.25,101.5,102.47,24.5
14:12:56,101.3,102.76,24.25,102,103.47,24.25
14:12:57,100.5,101.95,24.25,101.5,102.97,24.25
14:12:58,99.78,101.22,24.25,101.9,103.87,24
14:12:59,99.82,101.26,24.25,102.4,103.88,24.25
14:13:00,100.5,101.46,24.5,102.4,103.38,24.5
14:13:01,100.5,102.94,23.75,102.8,103.79,24.5
14:13:02,100.5,101.95,24.25,103.3,104.79,24.25
14:13:03,100.5,101.95,24.25,101.9,103.37,24.25
14:13:04,98.39,99.81,24.25,102,102.49,24.75
14:13:05,102,103.47,24.25,102.4,103.88,24.25
14:13:06,102,103.98,24,101.5,101.5,25
14:13:07,103.3,105.3,24,102.4,103.38,24.5
14:13:08,102.6,104.59,24,102.8,103.79,24.5
14:13:09,103.4,105.4,24,102.4,103.88,24.25
14:13:10,103.3,105.3,24,102.8,104.79,24
14:13:11,102,103.47,24.25,102.8,103.79,24.5
14:13:12,103.4,105.92,23.75,104,105,24.5
14:13:13,102,103.98,24,101.9,102.88,24.5
14:13:14,101.3,103.26,24,104,104.5,24.75
14:13:15,102.1,103.58,24.25,102.8,103.79,24.5
14:13:16,103.3,105.81,23.75,102,103.47,24.25
14:13:17,104.7,106.21,24.25,104.9,105.4,24.75
14:13:18,103.4,105.4,24,104.9,106.42,24.25
14:13:19,102.7,104.18,24.25,102.8,103.79,24.5
14:13:20,102.1,103.08,24.5,103.3,104.79,24.25
14:13:21,103.4,104.39,24.5,102.8,104.29,24.25
14:13:22,104.1,105.6,24.25,102.9,103.89,24.5
14:13:23,103.4,105.92,23.75,102.8,103.79,24.5
14:13:24,104.1,106.12,24,103.3,104.29,24.5
14:13:24,102.7,103.69,24.5,103.7,105.2,24.25
14:13:25,103.4,104.89,24.25,102.4,103.88,24.25
14:13:26,102,102.98,24.5,103.7,105.2,24.25
14:13:27,102,103.47,24.25,102.9,104.39,24.25
14:13:28,102,103.98,24,102.8,103.79,24.5
14:13:29,101.3,102.27,24.5,102,103.47,24.25
14:13:30,102,104.99,23.5,102.4,103.88,24.25
14:13:31,102.6,103.58,24.5,103.3,105.3,24
14:13:32,101.3,102.76,24.25,103.3,104.29,24.5
14:13:33,101.3,103.76,23.75,102.4,103.88,24.25
14:13:34,101.3,102.27,24.5,102.4,102.89,24.75
14:13:35,102,103.47,24.25,103.3,104.79,24.25
14:13:36,102.7,104.18,24.25,102.8,104.29,24.25
14:13:37,101.2,102.66,24.25,103.7,105.2,24.25
14:13:38,102,103.47,24.25,102.8,105.3,23.75
14:13:39,104.8,106.83,24,102.8,103.29,24.75
14:13:40,101.3,102.76,24.25,102.8,104.29,24.25
14:13:41,102,103.47,24.25,102,103.47,24.25
14:13:42,103.3,105.3,24,102,103.47,24.25
14:13:43,104,105.5,24.25,102.4,103.88,24.25
14:13:44,102,103.47,24.25,102,102.98,24.5
14:13:45,103.3,104.79,24.25,102.8,103.29,24.75
14:13:46,102,103.98,24,102.4,103.88,24.25
14:13:47,102.7,104.18,24.25,103.3,104.29,24.5
14:13:48,102.6,104.08,24.25,103.3,104.29,24.5
14:13:49,102.6,104.08,24.25,102.4,102.89,24.75
14:13:50,104.1,105.1,24.5,102.4,103.88,24.25
14:13:51,102,103.47,24.25,102.8,103.79,24.5
14:13:52,103.4,104.39,24.5,102.8,103.79,24.5
14:13:53,103.4,104.39,24.5,103.3,104.29,24.5
14:13:54,104.1,106.12,24,102.8,103.29,24.75
14:13:55,103.3,104.79,24.25,103.3,104.29,24.5
14:13:56,104.1,105.6,24.25,102.8,104.29,24.25
14:13:57,104.1,105.6,24.25,102.4,103.38,24.5
14:13:58,105.6,107.13,24.25,102.8,104.29,24.25
14:13:59,104.9,106.42,24.25,103.3,103.79,24.75
14:14:00,101.9,102.88,24.5,103.3,104.29,24.5
14:14:01,102.6,103.58,24.5,102.8,102.8,25
14:14:02,104.1,105.6,24.25,102.8,104.79,24
14:14:03,104.8,106.31,24.25,102.8,105.3,23.75
14:14:04,102.7,104.18,24.25,102.4,102.89,24.75
14:14:05,102.6,104.08,24.25,102.4,103.38,24.5
14:14:06,101.2,101.68,24.75,101.9,103.37,24.25
14:14:07,101.2,102.66,24.25,101.5,102.47,24.5
14:14:08,101.2,103.16,24,101.9,103.37,24.25
14:14:08,100.4,101.36,24.5,101.9,103.37,24.25
14:14:09,99.67,100.63,24.5,102.4,103.38,24.5
14:14:10,99.76,101.2,24.25,101.5,102.97,24.25
14:14:11,99.76,102.19,23.75,103.2,105.2,24
14:14:12,98.37,99.79,24.25,101.9,104.38,23.75
14:14:13,100.5,102.94,23.75,101.9,102.88,24.5
14:14:14,99.67,101.11,24.25,100.7,101.67,24.5
14:14:15,102.6,103.09,24.75,100.2,101.65,24.25
14:14:16,100.4,101.85,24.25,100.1,101.55,24.25
14:14:17,98.99,100.42,24.25,100.7,102.65,24
14:14:18,103.3,105.3,24,101.9,103.87,24
14:14:19,100.5,101.95,24.25,101.9,103.87,24
14:14:20,101.9,103.37,24.25,101.9,103.37,24.25
14:14:21,102.6,104.59,24,101.9,104.38,23.75
14:14:22,102.6,104.08,24.25,102.4,103.88,24.25
14:14:23,101.3,102.76,24.25,103.3,105.3,24
14:14:24,102,103.47,24.25,102.8,105.3,23.75
14:14:25,102.6,104.08,24.25,102.3,104.28,24
14:14:26,102.6,104.08,24.25,102.4,103.88,24.25
14:14:27,102,103.47,24.25,103.3,104.79,24.25
14:14:28,102,104.48,23.75,103.3,104.79,24.25
14:14:29,102.6,104.08,24.25,102.8,103.79,24.5
14:14:30,102.6,104.59,24,103.3,104.79,24.25
14:14:31,102,104.99,23.5,103.3,104.29,24.5
14:14:32,102.6,104.59,24,103.7,105.2,24.25
14:14:33,102,104.48,23.75,102.8,104.79,24
14:14:34,102.6,103.58,24.5,102.8,104.79,24
14:14:35,101.9,103.87,24,103.3,105.3,24
14:14:36,103.3,106.33,23.5,103.2,104.19,24.5
14:14:37,101.9,103.37,24.25,103.7,105.2,24.25
14:14:38,102.6,103.58,24.5,103.7,104.69,24.5
14:14:39,101.9,103.87,24,103.3,104.29,24.5
14:14:40,102.6,103.58,24.5,103.2,104.69,24.25
14:14:41,102.6,103.58,24.5,103.3,104.29,24.5
14:14:42,101.9,104.89,23.5,102.4,103.38,24.5
14:14:43,102.6,104.59,24,103.3,104.79,24.25
14:14:44,102.6,104.08,24.25,103.7,104.69,24.5
14:14:45,103.3,104.79,24.25,103.7,105.71,24
14:14:46,101.9,103.37,24.25,103.3,104.79,24.25
14:14:47,102.6,104.08,24.25,102.8,103.79,24.5
14:14:48,102.6,104.08,24.25,102.8,104.29,24.25
14:14:49,103.3,105.81,23.75,103.3,104.79,24.25
14:14:50,102.6,105.1,23.75,103.7,104.69,24.5
14:14:51,102.5,103.48,24.5,102.8,103.79,24.5
14:14:51,102.5,104.99,23.75,103.2,104.69,24.25
14:14:52,102.6,104.59,24,102.8,103.29,24.75
14:14:53,103.3,104.79,24.25,103.3,104.29,24.5
14:14:54,102.5,103.98,24.25,103.3,105.81,23.75
14:14:55,103.2,104.69,24.25,103.3,105.3,24
14:14:56,103.2,104.69,24.25,103.7,104.69,24.5
14:14:57,104,105.5,24.25,103.7,105.2,24.25
14:14:58,101.1,102.56,24.25,102.8,104.79,24
14:14:59,100.4,101.85,24.25,102.4,104.38,24
14:15:00,101.1,102.56,24.25,102.4,103.88,24.25
14:15:01,100.4,102.34,24,103.2,104.19,24.5
14:15:02,96.81,97.74,24.5,102.7,104.69,24
14:15:03,98.94,100.37,24.25,101.1,102.07,24.5
14:15:05,101,102.46,24.25,102.4,103.38,24.5
14:15:05,101.2,102.17,24.5,102.4,103.88,24.25
14:15:06,102.5,103.48,24.5,103.3,104.29,24.5
14:15:07,101.2,103.16,24,103.3,104.29,24.5
14:15:08,101.1,102.56,24.25,102.8,104.29,24.25
14:15:09,101.9,103.37,24.25,102.8,104.79,24
14:15:10,101.2,103.16,24,102.8,104.29,24.25
14:15:11,103.3,104.79,24.25,102.8,103.79,24.5
14:15:12,101.9,103.37,24.25,102.8,103.79,24.5
14:15:13,101.9,103.37,24.25,102.8,104.79,24
14:15:14,101.9,102.88,24.5,103.7,105.71,24
14:15:15,101.9,103.87,24,102.8,105.82,23.5
14:15:16,102.6,104.08,24.25,103.3,104.29,24.5
14:15:17,102.5,104.49,24,103.2,104.19,24.5
14:15:18,101.9,103.87,24,103.7,105.71,24
14:15:19,103.3,105.3,24,103.3,104.79,24.25
14:15:20,102.5,104.99,23.75,103.3,105.3,24
14:15:21,103.3,105.81,23.75,103.2,104.69,24.25
14:15:22,102.6,104.08,24.25,104.5,106.01,24.25
14:15:23,102.6,105.1,23.75,103.3,104.29,24.5
14:15:24,75.03,75.75,24.5,103.7,104.69,24.5
14:15:25,69.21,69.87,24.5,103.3,105.3,24
14:15:26,46.06,46.73,24.25,103.3,104.79,24.25
14:15:27,63.43,64.35,24.25,103.3,104.79,24.25
14:15:28,60.51,61.38,24.25,102.8,103.79,24.5
14:15:29,52.55,53.31,24.25,98.34,99.28,24.5
14:15:30,49.66,50.38,24.25,84.66,85.88,24.25
14:15:31,48.3,49.24,24,78.91,80.05,24.25
14:15:32,47.59,48.05,24.5,75.82,76.92,24.25
14:15:33,48.26,48.96,24.25,73.62,74.68,24.25
14:15:34,28.81,29.23,24.25,69.22,70.22,24.25
14:15:35,23.74,24.32,23.75,53.41,54.44,24
14:15:35,22.26,22.58,24.25,42.45,43.06,24.25
14:15:36,20.88,21.28,24,36.27,36.62,24.5
14:15:37,18.67,18.94,24.25,32.79,33.43,24
14:15:38,17.93,18.19,24.25,31.44,31.89,24.25
14:15:39,17.29,17.54,24.25,29.26,29.68,24.25
14:15:40,16.55,16.71,24.5,27.54,27.94,24.25
14:15:41,17.28,17.53,24.25,27.53,27.93,24.25
14:15:42,15.82,16.2,23.75,27.94,28.21,24.5
14:15:43,15.08,15.22,24.5,27.06,27.45,24.25
14:15:44,12.98,13.17,24.25,24.88,25.24,24.25
14:15:45,12.97,13.09,24.5,24.43,24.78,24.25
14:15:46,13.69,13.89,24.25,24.88,25.24,24.25
14:15:47,11.51,11.68,24.25,23.6,23.94,24.25
14:15:48,12.23,12.41,24.25,23.15,23.48,24.25
14:15:49,12.96,13.08,24.5,23.15,23.26,24.75
14:15:50,13.69,13.82,24.5,23.14,23.59,24
14:15:51,11.5,11.67,24.25,22.25,22.57,24.25
14:15:52,10.77,11.03,23.75,22.7,23.14,24
14:15:53,10.76,10.92,24.25,22.24,22.45,24.5
14:15:54,10.76,11.02,23.75,21.4,21.71,24.25
14:15:55,11.49,11.71,24,20.07,20.26,24.5
14:15:56,12.96,13.15,24.25,20.08,20.27,24.5
14:15:57,10.76,10.92,24.25,20.51,20.81,24.25
14:15:58,10.76,10.97,24,20.95,21.25,24.25
14:15:59,10.76,11.02,23.75,20.52,20.62,24.75
14:16:00,11.49,11.66,24.25,20.07,20.26,24.5
14:16:01,12.22,12.34,24.5,20.06,20.35,24.25
14:16:02,12.23,12.47,24,19.62,19.9,24.25
14:16:03,10.76,11.02,23.75,20.07,20.26,24.5
14:16:04,12.95,13.14,24.25,19.62,19.71,24.75
14:16:05,10.76,10.86,24.5,19.61,19.99,24
14:16:06,10.75,10.85,24.5,20.07,20.36,24.25
14:16:07,10.76,10.97,24,19.62,19.81,24.5
14:16:08,9.38,9.52,24.25,20.51,21.01,23.75
14:16:09,13.71,13.84,24.5,15.71,15.94,24.25
14:16:10,15.8,16.03,24.25,1.73,1.74,24.75
14:16:11,12.23,12.47,24,1.73,1.75,24.5
14:16:12,15.81,16.12,24,2.18,2.22,24
14:16:13,15.81,16.04,24.25,2.18,2.2,24.5
14:16:14,14.35,14.56,24.25,2.62,2.63,24.75
14:16:15,13.7,13.97,24,1.73,1.75,24.5
14:16:16,14.34,14.55,24.25,1.73,1.75,24.5
14:16:16,15.08,15.3,24.25,1.73,1.76,24.25
14:16:18,16.55,16.87,24,2.18,2.21,24.25
14:16:18,14.34,14.55,24.25,0.84,0.84,24.75
14:16:19,15.81,15.96,24.5,0.84,0.85,24.5
14:16:20,15.08,15.37,24,1.28,1.3,24
14:16:21,14.35,14.56,24.25,1.73,1.75,24.5
14:16:22,15.81,16.19,23.75,0.84,0.85,24.25
14:16:23,14.35,14.49,24.5,1.28,1.3,24.25
14:16:24,15.07,15.29,24.25,0.84,0.85,24.5
14:16:25,15.81,16.04,24.25,1.73,1.76,24
14:16:26,15.82,16.13,24,1.28,1.3,24
14:16:27,15.08,15.15,24.75,1.28,1.29,24.5
14:16:28,15.81,16.04,24.25,0.84,0.84,24.75
14:16:29,14.35,14.63,24,0.84,0.84,24.75
14:16:30,15.81,16.12,24,1.28,1.29,24.5
14:16:31,15.81,16.12,24,1.28,1.29,24.5
14:16:32,15.07,15.29,24.25,1.73,1.74,24.75
14:16:33,15.82,16.05,24.25,0.84,0.85,24.5
14:16:34,15.81,16.04,24.25,0.84,0.85,24.25
14:16:35,17.28,17.7,23.75,0.84,0.85,24.5
14:16:36,16.56,16.72,24.5,1.28,1.29,24.5
14:16:37,17.29,17.46,24.5,0.84,0.85,24.25
14:16:38,15.08,15.45,23.75,1.73,1.75,24.5
14:16:39,14.35,14.42,24.75,0.84,0.85,24.5
14:16:40,15.07,15.21,24.5,0.84,0.85,24.25
14:16:41,15.81,15.89,24.75,1.28,1.29,24.5
14:16:42,13.71,13.98,24,0.84,0.84,24.75
14:16:43,16.55,16.71,24.5,1.28,1.29,24.5
14:16:44,15.82,15.97,24.5,1.28,1.3,24.25
14:16:45,16.54,16.7,24.5,1.28,1.29,24.75
14:16:46,15.08,15.3,24.25,0.84,0.84,24.75
14:16:47,17.28,17.45,24.5,0.84,0.85,24.25
14:16:48,15.81,15.89,24.75,1.28,1.29,24.5
14:16:49,16.54,17.03,23.5,1.73,1.74,24.75
14:16:50,15.08,15.22,24.5,1.28,1.3,24.25
14:16:51,15.08,15.45,23.75,1.28,1.29,24.75
14:16:52,15.07,15.36,24,1.73,1.75,24.5
14:16:53,15.82,16.13,24,1.73,1.75,24.5
14:16:54,14.34,14.62,24,1.73,1.75,24.5
14:16:55,15.08,15.3,24.25,1.73,1.76,24
14:16:56,15.07,15.29,24.25,1.28,1.3,24
14:16:57,15.81,15.96,24.5,1.73,1.76,24
14:16:58,15.07,15.21,24.5,1.73,1.75,24.5
14:16:59,16.54,16.78,24.25,1.73,1.74,24.75
14:17:00,15.08,15.37,24,1.73,1.76,24
14:17:00,15.8,15.95,24.5,1.28,1.29,24.75
14:17:01,15.08,15.3,24.25,1.73,1.75,24.5
14:17:02,14.34,14.55,24.25,2.18,2.21,24.25
14:17:03,15.08,15.3,24.25,1.73,1.76,24.25
14:17:04,15.08,15.22,24.5,1.73,1.76,24
14:17:05,15.08,15.3,24.25,1.28,1.29,24.75
14:17:06,14.34,14.55,24.25,1.28,1.3,24.25
14:17:07,16.54,16.7,24.5,1.28,1.3,24.25
14:17:08,15.07,15.29,24.25,1.28,1.29,24.5
14:17:09,15.8,15.95,24.5,1.73,1.75,24.5
14:17:10,15.07,15.29,24.25,2.18,2.19,24.75
14:17:11,15.81,16.04,24.25,2.18,2.21,24.25
14:17:12,14.34,14.55,24.25,1.73,1.76,24
14:17:13,15.07,15.21,24.5,1.73,1.75,24.5
14:17:14,15.07,15.29,24.25,0.84,0.85,24.5
14:17:15,14.34,14.55,24.25,1.73,1.76,24.25
14:17:16,15.8,15.88,24.75,2.18,2.2,24.5
14:17:17,15.07,15.29,24.25,2.18,2.2,24.5
14:17:18,15.07,15.29,24.25,1.73,1.75,24.5
14:17:19,16.54,16.7,24.5,1.73,1.74,24.75
14:17:20,15.07,15.29,24.25,2.18,2.19,24.75
14:17:21,15.07,15.29,24.25,1.73,1.74,24.75
14:17:22,15.8,15.88,24.75,1.28,1.29,24.75
14:17:23,15.81,16.04,24.25,1.73,1.75,24.5
14:17:24,15.07,15.21,24.5,1.73,1.75,24.5
14:17:25,15.07,15.29,24.25,1.73,1.76,24.25
14:17:26,15.07,15.36,24,0.84,0.85,24.5
14:17:27,15.8,16.18,23.75,1.73,1.74,24.75
14:17:28,15.07,15.29,24.25,2.18,2.2,24.5
14:17:29,15.07,15.21,24.5,2.18,2.19,24.75
14:17:30,15.07,15.36,24,2.18,2.2,24.5
14:17:31,15.81,15.96,24.5,1.73,1.75,24.5
14:17:32,16.54,16.78,24.25,1.73,1.73,25
14:17:33,16.54,16.86,24,1.28,1.29,24.75
14:17:34,16.54,16.86,24,1.73,1.76,24.25
14:17:35,15.07,15.36,24,2.62,2.67,24
14:17:36,15.06,15.2,24.5,1.73,1.74,24.75
14:17:37,16.54,16.86,24,1.73,1.75,24.5
14:17:38,15.8,16.03,24.25,1.73,1.75,24.5
14:17:39,16.53,16.77,24.25,2.18,2.19,24.75
14:17:40,15.8,16.03,24.25,1.73,1.75,24.5
14:17:41,16.54,16.78,24.25,1.73,1.74,24.75
14:17:42,15.8,16.03,24.25,2.18,2.19,24.75
14:17:42,15.81,15.96,24.5,1.73,1.75,24.5
14:17:43,15.81,15.96,24.5,1.73,1.76,24.25
14:17:44,16.54,16.86,24,1.73,1.76,24.25
14:17:45,15.81,16.04,24.25,1.73,1.75,24.5
14:17:46,16.53,16.77,24.25,1.73,1.74,24.75
14:17:47,16.54,16.86,24,1.73,1.75,24.5
14:17:48,16.54,16.94,23.75,2.18,2.19,24.75
14:17:49,16.54,16.78,24.25,2.18,2.19,24.75
14:17:50,17.28,17.45,24.5,1.73,1.74,24.75
14:17:51,16.54,16.78,24.25,2.18,2.2,24.5
14:17:52,16.54,16.94,23.75,2.18,2.22,24
14:17:53,16.54,16.78,24.25,2.18,2.2,24.5
14:17:54,16.54,16.78,24.25,2.18,2.21,24.25
14:17:55,16.54,16.7,24.5,2.18,2.23,23.75
14:17:56,16.53,16.85,24,2.18,2.21,24.25
14:17:57,16.53,16.69,24.5,2.62,2.66,24.25
14:17:58,16.55,16.71,24.5,2.62,2.66,24.25
14:17:59,16.54,16.7,24.5,2.18,2.22,24
14:18:00,16.53,16.77,24.25,2.18,2.21,24.25
14:18:01,16.55,16.87,24,2.18,2.22,24
14:18:02,16.54,16.78,24.25,1.73,1.76,24.25
14:18:03,16.54,16.78,24.25,1.73,1.75,24.5
14:18:04,17.27,17.52,24.25,2.18,2.22,24
14:18:05,15.8,16.03,24.25,1.73,1.76,24.25
14:18:06,17.28,17.61,24,2.18,2.2,24.5
14:18:07,17.28,17.53,24.25,2.62,2.65,24.5
14:18:08,17.27,17.52,24.25,2.18,2.22,24
14:18:09,17.27,17.44,24.5,2.62,2.65,24.5
14:18:10,15.81,16.04,24.25,2.18,2.19,24.75
14:18:11,16.54,16.78,24.25,2.18,2.2,24.5
14:18:12,17.28,17.53,24.25,2.18,2.19,24.75
14:18:13,17.28,17.61,24,2.18,2.22,24
14:18:14,16.54,16.86,24,2.62,2.67,24
14:18:15,16.54,16.78,24.25,2.18,2.2,24.5
14:18:16,16.55,16.71,24.5,2.18,2.19,24.75
14:18:17,16.53,16.69,24.5,2.62,2.67,24
14:18:18,17.92,18.18,24.25,2.62,2.63,24.75
14:18:19,17.92,18.09,24.5,2.62,2.65,24.5
14:18:20,17.27,17.6,24,2.18,2.2,24.5
14:18:21,16.54,16.7,24.5,2.62,2.63,24.75
14:18:22,17.93,18.1,24.5,2.62,2.65,24.5
14:18:23,17.27,17.52,24.25,2.18,2.2,24.5
14:18:24,18.65,19.01,24,2.62,2.63,24.75
14:18:25,17.27,17.6,24,2.18,2.21,24.25
14:18:26,17.92,18.18,24.25,2.18,2.2,24.5
14:18:26,17.27,17.52,24.25,2.18,2.21,24.25
14:18:27,17.91,18.17,24.25,3.01,3.05,24.25
14:18:28,17.92,18.18,24.25,3.01,3.02,24.75
14:18:29,17.27,17.52,24.25,2.18,2.2,24.5
14:18:30,17.91,18.17,24.25,2.62,2.63,24.75
14:18:31,18.65,18.92,24.25,2.18,2.22,24
14:18:32,16.54,16.7,24.5,2.18,2.2,24.5
14:18:33,17.27,17.52,24.25,2.62,2.67,24
14:18:34,18.65,18.83,24.5,3.01,3.04,24.5
14:18:35,17.91,18.17,24.25,2.62,2.65,24.5
14:18:36,17.27,17.44,24.5,3.46,3.51,24.25
14:18:37,18.65,18.83,24.5,2.62,2.66,24.25
14:18:38,19.38,19.66,24.25,2.18,2.2,24.5
14:18:39,19.39,19.67,24.25,2.62,2.65,24.5
14:18:40,17.27,17.6,24,3.01,3.04,24.5
14:18:41,17.27,17.52,24.25,2.62,2.65,24.5
14:18:42,16.53,16.85,24,3.01,3.05,24.25
14:18:43,17.9,18.16,24.25,3.01,3.04,24.5
14:18:44,17.26,17.59,24,2.62,2.63,24.75
14:18:45,18.65,18.83,24.5,3.46,3.51,24.25
14:18:46,17.91,18.08,24.5,3.01,3.02,24.75
14:18:47,16.54,16.78,24.25,2.62,2.63,24.75
14:18:48,16.54,16.78,24.25,3.01,3.04,24.5
14:18:49,16.53,16.77,24.25,2.62,2.65,24.5
14:18:50,16.53,16.69,24.5,3.46,3.49,24.5
14:18:51,16.53,16.77,24.25,2.62,2.66,24.25
14:18:52,16.53,16.77,24.25,3.01,3.02,24.75
14:18:53,16.53,16.85,24,3.01,3.04,24.5
14:18:54,16.52,16.68,24.5,2.62,2.67,24
14:18:55,16.53,16.77,24.25,3.01,3.04,24.5
14:18:56,15.8,15.95,24.5,2.62,2.65,24.5
14:18:57,15.8,15.95,24.5,3.46,3.49,24.5
14:18:58,16.53,16.85,24,3.01,3.05,24.25
14:18:59,16.53,16.69,24.5,3.01,3.04,24.5
14:19:00,17.26,17.51,24.25,2.62,2.63,24.75
14:19:01,17.26,17.51,24.25,3.01,3.04,24.5
14:19:02,16.52,16.84,24,3.01,3.04,24.5
14:19:03,17.27,17.6,24,3.01,3.04,24.5
14:19:04,16.54,16.78,24.25,3.01,3.04,24.5
14:19:05,17.9,18.16,24.25,3.46,3.49,24.5
14:19:06,17.26,17.51,24.25,3.01,3.05,24.25
14:19:07,17.26,17.51,24.25,3.46,3.48,24.75
14:19:08,16.53,16.69,24.5,3.01,3.05,24.25
14:19:09,17.26,17.51,24.25,3.46,3.53,24
14:19:10,17.27,17.52,24.25,2.62,2.67,24
14:19:10,16.53,16.85,24,3.01,3.04,24.5
14:19:11,16.53,16.85,24,3.01,3.04,24.5
14:19:12,16.53,16.77,24.25,2.62,2.63,24.75
14:19:13,17.27,17.44,24.5,3.46,3.51,24.25
14:19:14,16.53,16.85,24,3.46,3.51,24.25
14:19:15,17.27,17.52,24.25,3.46,3.48,24.75
14:19:16,17.91,18.17,24.25,3.9,3.9,25
14:19:17,17.27,17.44,24.5,3.46,3.48,24.75
14:19:18,17.9,18.25,24,3.9,3.92,24.75
14:19:19,16.53,16.85,24,3.01,3.05,24.25
14:19:20,17.27,17.6,24,3.01,3.02,24.75
14:19:21,17.91,18.26,24,3.46,3.49,24.5
14:19:22,17.27,17.44,24.5,3.46,3.48,24.75
14:19:23,17.27,17.44,24.5,3.01,3.05,24.25
14:19:24,17.91,18.08,24.5,3.01,3.02,24.75
14:19:25,17.91,18.26,24,3.01,3.02,24.75
14:19:26,17.91,18.17,24.25,3.01,3.04,24.5
14:19:27,17.9,18.34,23.75,3.01,3.05,24.25
14:19:28,17.91,18.08,24.5,3.46,3.49,24.5
14:19:29,17.91,18.35,23.75,3.01,3.07,24
14:19:30,17.27,17.52,24.25,3.01,3.05,24.25
14:19:31,18.64,18.82,24.5,2.62,2.65,24.5
14:19:32,17.9,18.16,24.25,3.46,3.49,24.5
14:19:33,18.64,18.82,24.5,3.01,3.02,24.75
14:19:34,26.55,26.93,24.25,3.01,3.04,24.5
14:19:35,27.3,27.83,24,4.35,4.37,24.75
14:19:36,31.62,32.08,24.25,3.46,3.49,24.5
14:19:37,33,33.48,24.25,4.35,4.39,24.5
14:19:38,27.29,27.55,24.5,4.8,4.89,24
14:19:39,23.7,24.04,24.25,5.24,5.27,24.75
14:19:40,20.85,21.15,24.25,4.8,4.82,24.75
14:19:41,19.38,19.66,24.25,3.46,3.48,24.75
14:19:42,18.64,18.91,24.25,3.9,3.94,24.5
14:19:43,19.37,19.65,24.25,3.01,3.04,24.5
14:19:44,18.64,18.82,24.5,3.01,3.04,24.5
14:19:45,19.38,19.66,24.25,3.01,3.04,24.5
14:19:46,19.37,19.65,24.25,3.46,3.51,24.25
14:19:47,17.9,18.43,23.5,3.01,3.05,24.25
14:19:48,17.91,18.26,24,3.46,3.48,24.75
14:19:49,17.91,18.08,24.5,3.01,3.02,24.75
14:19:50,17.27,17.52,24.25,3.46,3.51,24.25
14:19:51,17.27,17.52,24.25,2.62,2.62,25
14:19:52,18.64,19,24,3.01,3.04,24.5
14:19:52,18.64,18.91,24.25,3.46,3.49,24.5
14:19:53,17.9,18.16,24.25,3.46,3.51,24.25
14:19:54,17.26,17.51,24.25,3.9,3.9,25
14:19:55,17.27,17.52,24.25,3.46,3.49,24.5
14:19:56,17.26,17.51,24.25,2.62,2.66,24.25
14:19:57,19.37,19.65,24.25,3.46,3.49,24.5
14:19:58,17.26,17.51,24.25,3.9,3.92,24.75
14:19:59,15.8,15.95,24.5,3.46,3.51,24.25
14:20:00,12.95,13.07,24.5,3.46,3.53,24
14:20:01,100.2,101.65,24.25,3.01,3.05,24.25
14:20:02,165.1,168.3,24,0,0,24.75
14:20:03,187.8,190.51,24.25,169.7,172.99,24
14:20:04,207.6,211.62,24,192.9,197.59,23.75
14:20:05,226.1,230.48,24,210.9,212.92,24.5
14:20:06,242.9,245.23,24.5,229.3,232.61,24.25
14:20:07,257.8,260.27,24.5,246.5,247.68,24.75
14:20:08,272,277.27,24,261.9,264.41,24.5
14:20:09,288.9,297.38,23.5,277.2,278.52,24.75
14:20:10,303.7,306.61,24.5,292.1,296.32,24.25
14:20:11,316.7,322.83,24,305.8,307.26,24.75
14:20:12,329.2,333.96,24.25,320.4,321.93,24.75
14:20:13,340.5,345.42,24.25,335.4,338.62,24.5
14:20:14,350.2,353.56,24.5,349.5,351.17,24.75
14:20:15,360.7,364.16,24.5,360.1,365.31,24.25
14:20:16,372.7,378.09,24.25,372.1,377.48,24.25
14:20:17,383.1,390.52,24,384.4,388.09,24.5
14:20:18,391.3,398.88,24,393.2,398.88,24.25
14:20:19,398.7,402.52,24.5,401.6,409.38,24
14:20:20,406.4,416.29,23.75,409.8,413.73,24.5
14:20:21,413.3,419.27,24.25,416.6,420.6,24.5
14:20:22,418.3,422.31,24.5,423.1,431.29,24
14:20:23,423,429.11,24.25,428.2,436.49,24
14:20:24,426.3,430.39,24.5,432.6,436.75,24.5
14:20:25,432,436.14,24.5,436.7,443.01,24.25
14:20:26,434.4,444.97,23.75,441.3,447.68,24.25
14:20:27,437.4,441.6,24.5,444.1,446.22,24.75
14:20:28,440.2,446.56,24.25,446.9,451.19,24.5
14:20:29,442.4,444.51,24.75,450.1,452.25,24.75
14:20:30,444.3,448.56,24.5,452.5,456.84,24.5
14:20:31,447.1,453.56,24.25,453.9,460.46,24.25
14:20:32,448.8,459.72,23.75,456.7,465.55,24
14:20:33,450.9,459.63,24,458,464.62,24.25
14:20:34,451.7,456.03,24.5,459.4,463.81,24.5
14:20:35,453.3,459.85,24.25,460.7,467.36,24.25
14:20:36,454.8,465.86,23.75,461.4,463.6,24.75
14:20:36,456.2,465.04,24,463.6,465.81,24.75
14:20:37,456.9,463.5,24.25,464.2,466.42,24.75
14:20:38,459.1,463.5,24.5,465.9,468.12,24.75
14:20:39,458.4,465.03,24.25,466.7,473.45,24.25
14:20:40,460.6,467.26,24.25,467.8,470.03,24.75
14:20:41,462.1,471.05,24,469,471.24,24.75
14:20:42,462.3,473.55,23.75,469.6,476.39,24.25
14:20:43,463.6,470.3,24.25,470.1,472.34,24.75
14:20:44,465.1,467.32,24.75,470.6,475.11,24.5
14:20:45,466.2,477.54,23.75,471.8,476.33,24.5
14:20:46,466.3,475.33,24,473.2,477.74,24.5
14:20:47,467.6,472.08,24.5,472.9,477.44,24.5
14:20:48,468.4,475.17,24.25,473.8,480.65,24.25
14:20:49,469.2,475.98,24.25,475.1,479.66,24.5
14:20:50,470,476.79,24.25,474.8,477.07,24.75
14:20:51,471.3,480.43,24,476.3,483.19,24.25
14:20:52,470,472.24,24.75,476.8,481.37,24.5
14:20:53,471.4,478.21,24.25,476.9,481.47,24.5
14:20:54,472.9,479.74,24.25,477.3,479.58,24.75
14:20:55,473.2,477.74,24.5,477.8,482.38,24.5
14:20:56,473.8,478.34,24.5,477.6,482.18,24.5
14:20:57,475.2,477.47,24.75,478.8,481.09,24.75
14:20:58,475.3,479.86,24.5,478.7,485.62,24.25
14:20:59,475.4,482.27,24.25,479.2,483.8,24.5
14:21:00,476.1,482.98,24.25,480.1,482.39,24.75
14:21:01,477.5,482.08,24.5,479.3,481.59,24.75
14:21:02,477.6,482.18,24.5,479.7,488.99,24
14:21:03,478.5,483.09,24.5,479.3,488.58,24
14:21:04,478.7,483.29,24.5,480.3,487.24,24.25
14:21:05,480.4,487.34,24.25,480.3,489.6,24
14:21:06,481.1,485.71,24.5,481.9,486.52,24.5
14:21:07,480.6,489.91,24,480.3,487.24,24.25
14:21:08,481,487.95,24.25,481.9,486.52,24.5
14:21:09,479.9,489.19,24,481.2,490.52,24
14:21:10,482.1,489.07,24.25,482.4,487.03,24.5
14:21:11,482.1,484.4,24.75,481.7,488.66,24.25
14:21:12,481.9,486.52,24.5,482.8,487.43,24.5
14:21:13,482.8,489.78,24.25,483.3,487.94,24.5
14:21:14,482.1,489.07,24.25,482.9,489.88,24.25
14:21:15,482.3,491.64,24,483.4,492.76,24
14:21:16,482.3,489.27,24.25,483.4,485.71,24.75
14:21:17,483,489.98,24.25,483.4,488.04,24.5
14:21:18,482.9,487.53,24.5,482.7,485,24.75
14:21:19,484.3,488.95,24.5,482.3,484.6,24.75
14:21:20,484.3,491.3,24.25,483.2,490.19,24.25
14:21:20,485,489.65,24.5,483.1,487.73,24.5
14:21:21,485.8,495.21,24,484.3,488.95,24.5
14:21:22,484.5,491.5,24.25,485.1,489.75,24.5
14:21:23,485.3,489.95,24.5,483.8,493.17,24
14:21:24,485.3,489.95,24.5,483.6,492.97,24
14:21:25,486.5,498.34,23.75,484.3,491.3,24.25
14:21:26,486.1,490.76,24.5,483.9,488.54,24.5
14:21:27,486.7,496.13,24,483.5,490.49,24.25
14:21:28,487.8,494.85,24.25,484.2,491.2,24.25
14:21:29,486.7,493.74,24.25,485.1,492.11,24.25
14:21:30,486.8,491.47,24.5,485.2,489.85,24.5
14:21:31,487.3,491.97,24.5,485.3,487.62,24.75
14:21:32,487.9,494.95,24.25,484.8,491.81,24.25
14:21:33,487.2,491.87,24.5,484.7,487.01,24.75
14:21:34,487.6,489.93,24.75,485.2,489.85,24.5
14:21:35,487.5,494.55,24.25,485.7,490.36,24.5
14:21:36,487.5,492.18,24.5,484.4,491.4,24.25
14:21:37,488.6,493.29,24.5,484.4,489.05,24.5
14:21:38,488.6,498.06,24,485.1,492.11,24.25
14:21:39,488.1,492.78,24.5,484.8,491.81,24.25
14:21:40,489.5,496.58,24.25,485.6,492.62,24.25
14:21:41,488.4,490.73,24.75,485.6,497.41,23.75
14:21:42,488.8,495.87,24.25,485.8,488.12,24.75
14:21:43,489,491.33,24.75,486.5,493.53,24.25
14:21:44,489,496.07,24.25,485.7,488.02,24.75
14:21:45,489,491.33,24.75,486.5,486.5,25
14:21:46,489.6,494.3,24.5,485.6,492.62,24.25
14:21:47,490.3,492.64,24.75,486,490.66,24.5
14:21:48,489.1,493.79,24.5,485.6,492.62,24.25
14:21:49,490.8,493.14,24.75,486.9,496.33,24
14:21:50,490.6,495.31,24.5,486.9,496.33,24
14:21:51,489.8,492.14,24.75,486.1,495.51,24
14:21:52,490.9,493.24,24.75,486.5,493.53,24.25
14:21:53,491.7,496.42,24.5,487.3,491.97,24.5
14:21:54,489.9,489.9,25,486.5,491.17,24.5
14:21:55,491,491,25,487,494.04,24.25
14:21:56,490.9,498,24.25,485.7,488.02,24.75
14:21:57,491.1,491.1,25,486.8,489.12,24.75
14:21:58,491.4,498.5,24.25,487,489.32,24.75
14:21:59,490.7,493.04,24.75,486.1,493.13,24.25
14:22:00,491.2,491.2,25,486.5,493.53,24.25
14:22:01,492.5,497.22,24.5,486.6,488.92,24.75
14:22:02,491.8,494.15,24.75,486.6,496.02,24
14:22:02,491.3,488.98,25.25,487,491.67,24.5
14:22:03,491.9,491.9,25,487.3,489.63,24.75
14:22:04,492,492,25,487.8,492.48,24.5
14:22:05,492.6,490.27,25.25,487,496.43,24
14:22:06,493.2,493.2,25,486.6,491.27,24.5
14:22:07,493.3,490.97,25.25,487,496.43,24
14:22:08,494,491.66,25.25,487.4,494.45,24.25
14:22:09,492.8,492.8,25,487.8,494.85,24.25
14:22:11,493.5,493.5,25,488.2,492.88,24.5
14:22:11,492.7,490.37,25.25,487.8,494.85,24.25
14:22:12,492,489.67,25.25,487,496.43,24
14:22:13,492.5,490.17,25.25,487,489.32,24.75
14:22:14,493.3,495.65,24.75,488.3,492.98,24.5
14:22:15,492.7,492.7,25,487,496.43,24
14:22:16,494,491.66,25.25,487.4,492.07,24.5
14:22:17,493,490.67,25.25,487,491.67,24.5
14:22:18,493.4,491.07,25.25,487.9,492.58,24.5
14:22:19,493.7,496.06,24.75,489.3,489.3,25
14:22:20,493.8,491.47,25.25,487.8,492.48,24.5
14:22:21,492.9,490.57,25.25,487,491.67,24.5
14:22:22,493.3,488.66,25.5,485.2,492.21,24.25
14:22:23,494,494,25,487.6,494.65,24.25
14:22:24,494.2,489.55,25.5,488.3,497.76,24
14:22:25,493.6,493.6,25,487.5,492.18,24.5
14:22:26,494.7,492.36,25.25,488.3,490.63,24.75
14:22:27,493.6,498.33,24.5,487.5,492.18,24.5
14:22:28,494.8,494.8,25,488.7,493.39,24.5
14:22:29,494.3,494.3,25,488.3,490.63,24.75
14:22:30,494.3,491.96,25.25,488.3,490.63,24.75
14:22:31,494.3,491.96,25.25,488.4,490.73,24.75
14:22:32,494.4,494.4,25,487.6,489.93,24.75
14:22:33,494.3,496.66,24.75,488.4,490.73,24.75
14:22:34,495.1,492.76,25.25,488.4,490.73,24.75
14:22:35,494.5,492.16,25.25,488.3,490.63,24.75
14:22:36,495,490.34,25.5,487.6,489.93,24.75
14:22:37,494.8,494.8,25,487.2,489.53,24.75
14:22:38,494.9,490.24,25.5,488.1,495.16,24.25
14:22:39,495.8,495.8,25,488,492.68,24.5
14:22:40,495.6,490.94,25.5,487.7,490.03,24.75
14:22:41,496.3,493.95,25.25,488.1,495.16,24.25
14:22:42,494.8,492.46,25.25,488,490.33,24.75
14:22:43,494,491.66,25.25,487.2,491.87,24.5
14:22:44,491,491,25,487.5,496.94,24
14:22:45,487.6,489.93,24.75,485.4,487.72,24.75
14:22:45,485.8,481.23,25.5,484.4,491.4,24.25
14:22:46,484.1,479.54,25.5,484.6,489.25,24.5
14:22:47,482.1,477.56,25.5,483.6,488.24,24.5
14:22:48,480.3,480.3,25,483.3,490.29,24.25
14:22:49,479.1,479.1,25,481.9,488.87,24.25
14:22:50,479.9,475.38,25.5,481.6,486.22,24.5
14:22:51,479.6,475.09,25.5,482.3,486.93,24.5
14:22:52,479,474.49,25.5,481.5,483.8,24.75
14:22:53,477.3,477.3,25,481,485.61,24.5
14:22:54,478.8,476.54,25.25,480.9,485.51,24.5
14:22:55,478.3,473.8,25.5,481,485.61,24.5
14:22:56,479.8,475.28,25.5,481.9,484.2,24.75
14:22:57,482.7,480.42,25.25,482.4,489.37,24.25
14:22:58,488.7,484.1,25.5,483.7,488.34,24.5
14:22:59,489.8,485.19,25.5,484.2,488.84,24.5
14:23:00,491.9,487.27,25.5,486,488.32,24.75
14:23:01,492.9,492.9,25,487.2,489.53,24.75
14:23:02,494.2,494.2,25,487.1,489.42,24.75
14:23:03,494.8,494.8,25,488.2,492.88,24.5
14:23:04,494.7,490.04,25.5,487.6,489.93,24.75
14:23:05,495.7,491.04,25.5,488.9,493.59,24.5
14:23:06,495.6,490.94,25.5,488.1,495.16,24.25
14:23:07,496.1,486.85,26,489.4,494.09,24.5
14:23:08,495.6,488.64,25.75,488.2,492.88,24.5
14:23:09,495.7,488.74,25.75,488.2,495.26,24.25
14:23:10,496.3,489.33,25.75,488.6,490.93,24.75
14:23:11,496.2,493.85,25.25,488.5,493.19,24.5
14:23:12,495.6,488.64,25.75,489,491.33,24.75
14:23:13,495.6,484.1,26.25,489.4,494.09,24.5
14:23:14,496.4,489.43,25.75,489,491.33,24.75
14:23:15,497.1,487.83,26,489.1,493.79,24.5
14:23:16,497.7,493.02,25.5,489,493.69,24.5
14:23:17,496.3,489.33,25.75,488.6,493.29,24.5
14:23:18,497.7,490.71,25.75,489.1,491.43,24.75
14:23:19,496.9,487.63,26,488.7,493.39,24.5
14:23:20,497.1,490.12,25.75,489.4,494.09,24.5
14:23:21,496.3,487.05,26,489.9,499.39,24
14:23:22,497.1,490.12,25.75,489.2,498.67,24
14:23:23,497.9,486.35,26.25,489.6,491.94,24.75
14:23:24,497.8,488.52,26,490.4,492.74,24.75
14:23:25,497.1,490.12,25.75,489.1,493.79,24.5
14:23:26,497.1,490.12,25.75,489.4,494.09,24.5
14:23:27,497.1,485.57,26.25,489.8,494.5,24.5
14:23:28,497.8,488.52,26,489.5,494.19,24.5
14:23:28,497.2,485.67,26.25,489.5,494.19,24.5
14:23:30,497,487.73,26,489.1,496.17,24.25
14:23:30,497,485.47,26.25,489.5,491.84,24.75
14:23:31,496.9,485.37,26.25,489.9,494.6,24.5
14:23:32,497.1,485.57,26.25,490.1,494.8,24.5
14:23:33,497.2,492.52,25.5,489.5,496.58,24.25
14:23:34,495.7,488.74,25.75,490,494.7,24.5
14:23:35,496.4,489.43,25.75,490.4,497.49,24.25
14:23:36,497.9,488.62,26,489.7,494.4,24.5
14:23:37,497,492.32,25.5,490.1,497.18,24.25
14:23:38,497.1,485.57,26.25,489.6,494.3,24.5
14:23:39,497.7,486.15,26.25,490.5,495.2,24.5
14:23:40,497.8,490.81,25.75,490.5,495.2,24.5
14:23:41,498,488.71,26,490.1,499.59,24
14:23:42,499.3,489.99,26,490.1,492.44,24.75
14:23:43,497.2,485.67,26.25,490.1,494.8,24.5
14:23:44,497.1,492.42,25.5,490.1,494.8,24.5
14:23:45,497.8,486.25,26.25,490.1,497.18,24.25
14:23:46,497.9,488.62,26,489.7,492.04,24.75
14:23:47,496.9,487.63,26,490.5,500,24
14:23:48,497.2,485.67,26.25,490.5,495.2,24.5
14:23:49,497.2,487.93,26,491,495.71,24.5
14:23:50,497.9,488.62,26,490.1,497.18,24.25
14:23:51,499.3,489.99,26,490.1,494.8,24.5
14:23:52,498.1,493.41,25.5,490.6,495.31,24.5
14:23:53,498.7,489.4,26,490,492.34,24.75
14:23:54,497.9,490.9,25.75,490.3,497.39,24.25
14:23:55,498,488.71,26,490.5,495.2,24.5
14:23:56,497.9,493.21,25.5,489.9,496.98,24.25
14:23:57,498.7,494.01,25.5,490.1,497.18,24.25
14:23:58,500,490.68,26,490.1,494.8,24.5
14:23:59,499.9,488.3,26.25,490.6,497.69,24.25
14:24:00,497.9,490.9,25.75,490.4,497.49,24.25
14:24:01,499.2,492.19,25.75,490.8,495.51,24.5
14:24:02,498.7,489.4,26,490.8,493.14,24.75
14:24:03,499.5,490.19,26,490.1,494.8,24.5
14:24:04,498.1,491.1,25.75,490.4,492.74,24.75
14:24:05,498.8,491.79,25.75,489.9,501.82,23.75
14:24:06,498.9,491.89,25.75,490,497.08,24.25
14:24:07,498.9,494.21,25.5,489.8,494.5,24.5
14:24:08,499.4,490.09,26,490.9,498,24.25
14:24:09,499.5,487.91,26.25,490.1,494.8,24.5
14:24:10,500.1,495.39,25.5,490.1,492.44,24.75
14:24:11,500.1,488.5,26.25,490.4,495.1,24.5
14:24:11,500.3,497.93,25.25,490.1,497.18,24.25
14:24:12,500.1,490.78,26,490.1,494.8,24.5
14:24:13,500.2,493.17,25.75,490.1,497.18,24.25
14:24:14,500.1,490.78,26,490,497.08,24.25
14:24:15,500.8,491.46,26,490.4,497.49,24.25
14:24:16,500.9,493.86,25.75,490.7,495.41,24.5
14:24:17,501.6,494.55,25.75,490,492.34,24.75
14:24:18,501.8,494.75,25.75,490.4,495.1,24.5
14:24:19,501.1,491.76,26,489.9,496.98,24.25
14:24:20,501.7,490.06,26.25,489.9,494.6,24.5
14:24:21,501.9,492.54,26,489.9,492.24,24.75
14:24:22,501,493.96,25.75,490.4,495.1,24.5
14:24:23,501,491.66,26,489.9,494.6,24.5
14:24:24,501.8,492.44,26,490.3,497.39,24.25
14:24:25,501.9,492.54,26,490,492.34,24.75
14:24:26,501.7,494.65,25.75,490.5,495.2,24.5
14:24:27,502,497.28,25.5,489.8,494.5,24.5
14:24:28,501.8,494.75,25.75,490.8,495.51,24.5
14:24:29,502,492.64,26,489.9,494.6,24.5
14:24:30,501.8,492.44,26,489.5,498.98,24
14:24:31,502.5,493.13,26,490.3,492.64,24.75
14:24:32,501.8,497.08,25.5,490.2,494.9,24.5
14:24:33,502.4,497.67,25.5,489.9,492.24,24.75
14:24:34,501.9,490.26,26.25,489.8,492.14,24.75
14:24:35,501.9,494.85,25.75,490.3,497.39,24.25
14:24:36,501.8,492.44,26,489.9,494.6,24.5
14:24:37,501.6,494.55,25.75,490.3,492.64,24.75
14:24:38,502.8,498.07,25.5,489.4,491.74,24.75
14:24:39,501.8,490.16,26.25,490.2,494.9,24.5
14:24:40,502,492.64,26,490.3,495,24.5
14:24:41,504.2,494.8,26,489.5,494.19,24.5
14:24:42,504.1,494.7,26,490.7,493.04,24.75
14:24:43,504.9,500.15,25.5,489.9,492.24,24.75
14:24:44,503.1,493.72,26,490.7,500.2,24
14:24:45,502.7,493.33,26,489.3,498.78,24
14:24:46,502.6,493.23,26,490.2,497.29,24.25
14:24:47,503.2,496.13,25.75,489.8,496.88,24.25
14:24:48,503,493.62,26,489.7,489.7,25
14:24:49,502.7,495.64,25.75,490.6,495.31,24.5
14:24:50,503.3,496.23,25.75,489.3,493.99,24.5
14:24:51,503.2,498.46,25.5,489.4,491.74,24.75
14:24:52,502,492.64,26,490.3,497.39,24.25
14:24:53,504.1,494.7,26,489.9,496.98,24.25
14:24:54,504.1,497.02,25.75,490.3,499.8,24
14:24:54,504,496.92,25.75,490.7,500.2,24
14:24:55,504,496.92,25.75,489.9,494.6,24.5
14:24:56,503.4,496.33,25.75,489.7,496.78,24.25
14:24:58,503.8,496.72,25.75,489.4,494.09,24.5
14:24:58,503.8,496.72,25.75,490.8,493.14,24.75
14:24:59,503.9,496.82,25.75,490.3,495,24.5
14:25:00,503.3,498.56,25.5,490.3,495,24.5
14:25:01,502.8,493.42,26,490.7,493.04,24.75
14:25:02,503.2,493.82,26,490.3,495,24.5
14:25:03,503.5,496.43,25.75,490.7,500.2,24
14:25:04,503.3,493.92,26,490.2,499.69,24
14:25:05,504,494.6,26,489.8,492.14,24.75
14:25:06,503.3,496.23,25.75,490.6,497.69,24.25
14:25:07,504,494.6,26,490.3,492.64,24.75
14:25:08,503.4,494.01,26,490.3,497.39,24.25
14:25:09,502.7,495.64,25.75,490.8,495.51,24.5
14:25:10,503.3,493.92,26,490.2,497.29,24.25
14:25:11,503.2,496.13,25.75,490.2,494.9,24.5
14:25:12,503.2,493.82,26,490.3,495,24.5
14:25:13,503.3,496.23,25.75,490.8,495.51,24.5
14:25:14,503.8,492.11,26.25,489.9,496.98,24.25
14:25:15,504,494.6,26,489.8,494.5,24.5
14:25:16,503.2,496.13,25.75,490.3,497.39,24.25
14:25:17,504.5,492.8,26.25,490,499.49,24
14:25:18,503.8,494.41,26,490,492.34,24.75
14:25:19,503.1,496.03,25.75,489.8,496.88,24.25
14:25:20,503.7,496.62,25.75,489.5,491.84,24.75
14:25:21,503,491.33,26.25,490.3,492.64,24.75
14:25:22,503.1,493.72,26,490.7,495.41,24.5
14:25:23,504,496.92,25.75,490,492.34,24.75
14:25:24,502.7,495.64,25.75,490.8,500.31,24
14:25:25,503.4,496.33,25.75,490.5,492.84,24.75
14:25:26,503.1,496.03,25.75,490.7,495.41,24.5
14:25:27,479.8,473.06,25.75,490.8,497.9,24.25
14:25:28,456.1,451.81,25.5,477.7,482.28,24.5
14:25:29,484.1,477.3,25.75,462.8,462.8,25
14:25:30,484.2,477.4,25.75,474.9,479.45,24.5
14:25:31,488.7,479.59,26,477.1,481.68,24.5
14:25:32,493.4,488.76,25.5,480.9,487.85,24.25
14:25:33,496.3,487.05,26,483.7,490.69,24.25
14:25:34,499.9,492.88,25.75,485.3,487.62,24.75
14:25:35,500.8,496.09,25.5,487,491.67,24.5
14:25:36,501.7,494.65,25.75,487.2,489.53,24.75
14:25:37,500.3,486.44,26.5,488.8,493.49,24.5
14:25:37,501.7,492.35,26,489,493.69,24.5
14:25:38,502.4,493.03,26,489.9,496.98,24.25
14:25:39,501.8,497.08,25.5,489,498.47,24
14:25:40,502.5,493.13,26,489.9,494.6,24.5
14:25:41,503,495.93,25.75,489.5,496.58,24.25
14:25:42,502.4,497.67,25.5,489.6,494.3,24.5
14:25:43,502.2,495.14,25.75,489.9,494.6,24.5
14:25:44,502.9,493.52,26,490.4,495.1,24.5
14:25:45,502.9,491.23,26.25,490.4,497.49,24.25
14:25:46,502.5,497.77,25.5,491.1,498.2,24.25
14:25:47,501.8,492.44,26,490.9,498,24.25
14:25:48,501.5,494.45,25.75,490.3,497.39,24.25
14:25:49,501.6,496.88,25.5,490,494.7,24.5
14:25:50,498.6,489.3,26,490.8,497.9,24.25
14:25:51,497.1,492.42,25.5,490.2,490.2,25
14:25:52,330.2,325.56,25.75,489.9,494.6,24.5
14:25:53,244.6,238.93,26.25,488.9,498.37,24
14:25:54,263.9,260.19,25.75,488.6,493.29,24.5
14:25:55,431.1,425.04,25.75,487.1,494.14,24.25
14:25:56,430.3,422.28,26,485.2,492.21,24.25
14:25:57,378.4,369.62,26.25,484.6,489.25,24.5
14:25:58,329,322.87,26,484.1,491.1,24.25
14:25:59,315.6,309.72,26,413.8,419.78,24.25
14:26:00,300.7,295.09,26,25.74,26.37,23.75
14:26:01,284.3,280.31,25.75,24.39,24.62,24.5
14:26:02,269.5,264.47,26,22.66,23.21,23.75
14:26:03,254,250.43,25.75,21.77,21.98,24.5
14:26:04,239.9,236.53,25.75,24.4,24.63,24.5
14:26:05,224.4,220.22,26,26.19,26.57,24.25
14:26:06,208.9,205.97,25.75,25.3,25.42,24.75
14:26:07,192,189.3,25.75,24.85,25.09,24.5
14:26:08,176,174.34,25.5,23.57,23.68,24.75
14:26:09,160.5,158.25,25.75,23.56,23.79,24.5
14:26:10,147.5,144.08,26.25,22.21,22.53,24.25
14:26:11,135.8,132.65,26.25,21.38,21.69,24.25
14:26:12,124.1,121.22,26.25,18.76,19.03,24.25
14:26:13,113.2,111.61,25.75,17.85,18.2,24
14:26:14,103,101.08,26,16.12,16.2,24.75
14:26:15,92.14,90.85,25.75,15.23,15.45,24.25
14:26:16,84.18,83.39,25.5,14.39,14.46,24.75
14:26:17,75.52,74.81,25.5,13.5,13.63,24.5
14:26:18,71.91,70.57,26,12.22,12.46,24
14:26:19,68.27,67.31,25.75,10.88,11.09,24
14:26:20,61.82,60.95,25.75,9.99,10.09,24.5
14:26:21,57.45,56.38,26,10.43,10.48,24.75
14:26:21,51.76,50.79,26,9.15,9.19,24.75
14:26:22,47.44,46.77,25.75,8.25,8.37,24.25
14:26:23,45.2,44.36,26,7.81,7.88,24.5
14:26:24,43.81,43.19,25.75,7.81,7.88,24.5
14:26:25,40.24,39.49,26,7.42,7.53,24.25
14:26:26,39.5,38.76,26,6.97,6.97,25
14:26:27,38.02,37.49,25.75,6.97,7,24.75
14:26:28,35.91,35.41,25.75,6.53,6.56,24.75
14:26:29,34.44,34.12,25.5,6.97,7.04,24.5
14:26:30,32.98,32.52,25.75,6.08,6.11,24.75
14:26:31,33.69,33.37,25.5,5.63,5.68,24.5
14:26:32,32.32,31.87,25.75,6.08,6.11,24.75
14:26:33,31.58,31.28,25.5,5.63,5.68,24.5
14:26:34,30.86,30.57,25.5,4.8,4.92,23.75
14:26:35,30.84,30.41,25.75,5.24,5.32,24.25
14:26:36,28.75,28.35,25.75,5.63,5.68,24.5
14:26:37,29.37,28.96,25.75,4.79,4.84,24.5
14:26:38,28,27.74,25.5,4.79,4.81,24.75
14:26:39,27.27,26.89,25.75,5.24,5.29,24.5
14:26:40,27.99,27.47,26,4.35,4.41,24.25
14:26:41,26.54,26.05,26,5.24,5.29,24.5
14:26:42,25.16,24.58,26.25,4.35,4.39,24.5
14:26:43,25.8,25.44,25.75,4.79,4.84,24.5
14:26:44,25.8,25.56,25.5,4.35,4.46,23.75
14:26:45,25.15,24.68,26,4.79,4.84,24.5
14:26:46,25.15,24.68,26,4.79,4.84,24.5
14:26:47,25.78,25.18,26.25,4.35,4.39,24.5
14:26:48,23.68,23.13,26.25,4.79,4.84,24.5
14:26:49,23.69,23.25,26,4.79,4.81,24.75
14:26:50,25.14,24.67,26,3.9,3.94,24.5
14:26:51,23.68,23.35,25.75,3.9,3.94,24.5
14:26:52,22.95,22.63,25.75,4.79,4.84,24.5
14:26:53,23.68,23.35,25.75,4.35,4.39,24.5
14:26:54,22.94,22.62,25.75,4.79,4.86,24.25
14:26:55,24.4,23.95,26,3.9,3.98,24
14:26:56,23.67,23.45,25.5,4.35,4.43,24
14:26:57,23.68,23.46,25.5,4.35,4.39,24.5
14:26:58,22.22,21.81,26,3.9,3.92,24.75
14:26:59,22.22,21.7,26.25,4.35,4.43,24
14:27:00,21.47,21.17,25.75,4.35,4.41,24.25
14:27:01,21.48,21.18,25.75,3.9,3.94,24.5
14:27:02,22.94,22.72,25.5,4.35,4.43,24
14:27:03,22.21,21.9,25.75,3.9,3.94,24.5
14:27:03,20.11,19.83,25.75,3.9,3.92,24.75
14:27:04,21.48,21.18,25.75,4.35,4.39,24.5
14:27:05,21.48,20.98,26.25,4.35,4.39,24.5
14:27:06,20.84,20.45,26,4.35,4.37,24.75
14:27:07,22.2,21.89,25.75,4.35,4.43,24
14:27:08,21.48,21.08,26,3.46,3.49,24.5
14:27:09,22.21,21.9,25.75,3.46,3.48,24.75
14:27:10,21.48,21.08,26,4.35,4.39,24.5
14:27:11,20.84,20.45,26,3.9,3.94,24.5
14:27:12,22.21,21.8,26,4.35,4.39,24.5
14:27:13,20.83,20.44,26,3.91,3.95,24.5
14:27:14,21.47,21.17,25.75,3.46,3.49,24.5
14:27:15,21.48,21.28,25.5,3.9,3.94,24.5
14:27:16,22.94,22.41,26.25,4.35,4.39,24.5
14:27:17,21.48,21.18,25.75,3.9,3.94,24.5
14:27:18,22.2,21.79,26,3.9,3.92,24.75
14:27:19,20.84,20.45,26,4.79,4.86,24.25
14:27:20,21.47,21.07,26,3.9,3.98,24
14:27:22,22.21,21.9,25.75,3.46,3.48,24.75
14:27:22,20.84,20.55,25.75,4.35,4.39,24.5
14:27:23,20.84,20.55,25.75,4.79,4.86,24.25
14:27:24,20.84,20.55,25.75,4.79,4.81,24.75
14:27:25,21.51,21.21,25.75,4.8,4.85,24.5
14:27:26,21.47,21.07,26,3.9,3.94,24.5
14:27:27,20.84,20.55,25.75,3.9,3.94,24.5
14:27:28,20.11,19.83,25.75,3.9,3.94,24.5
14:27:29,20.83,20.63,25.5,3.46,3.53,24
14:27:30,20.1,20,25.25,3.9,3.92,24.75
14:27:31,19.37,19.01,26,4.35,4.37,24.75
14:27:32,20.1,19.82,25.75,3.9,3.92,24.75
14:27:33,19.38,19.11,25.75,3.9,3.92,24.75
14:27:34,19.37,19.1,25.75,3.9,3.94,24.5
14:27:35,20.1,19.73,26,3.01,3.07,24
14:27:36,20.84,20.55,25.75,3.46,3.49,24.5
14:27:37,20.84,20.45,26,3.9,3.92,24.75
14:27:38,20.1,19.82,25.75,3.46,3.48,24.75
14:27:39,19.37,19.01,26,4.35,4.41,24.25
14:27:40,20.83,20.73,25.25,3.9,3.94,24.5
14:27:41,20.1,19.82,25.75,3.46,3.49,24.5
14:27:42,21.47,21.17,25.75,3.46,3.48,24.75
14:27:43,19.37,19.1,25.75,3.9,3.96,24.25
14:27:44,19.38,19.11,25.75,3.9,3.94,24.5
14:27:45,18.64,18.29,26,3.9,3.92,24.75
14:27:46,20.1,19.73,26,3.01,3.05,24.25
14:27:46,19.37,19.1,25.75,3.9,3.94,24.5
14:27:47,20.83,20.35,26.25,3.9,3.92,24.75
14:27:48,20.1,19.82,25.75,3.46,3.49,24.5
14:27:49,19.37,19.01,26,4.35,4.37,24.75
14:27:50,20.1,19.73,26,3.9,3.94,24.5
14:27:51,20.1,19.82,25.75,3.46,3.49,24.5
14:27:52,20.1,19.73,26,4.35,4.37,24.75
14:27:53,20.83,20.44,26,3.9,3.98,24
14:27:54,18.64,18.46,25.5,4.35,4.41,24.25
14:27:55,18.64,18.38,25.75,4.35,4.41,24.25
14:27:56,18.64,18.38,25.75,3.9,3.98,24
14:27:57,19.37,19.01,26,3.9,3.92,24.75
14:27:58,19.37,19.1,25.75,4.35,4.41,24.25
14:27:59,19.37,19.1,25.75,3.9,3.94,24.5
14:28:00,18.63,18.37,25.75,4.35,4.37,24.75
14:28:01,19.37,19.28,25.25,3.46,3.48,24.75
14:28:02,20.1,19.73,26,3.46,3.51,24.25
14:28:03,19.37,19.1,25.75,3.01,3.04,24.5
14:28:04,20.11,19.83,25.75,3.46,3.48,24.75
14:28:05,19.38,19.11,25.75,4.35,4.37,24.75
14:28:06,20.1,19.91,25.5,3.46,3.53,24
14:28:07,18.64,18.29,26,3.9,3.96,24.25
14:28:08,18.64,18.21,26.25,3.9,3.94,24.5
14:28:09,20.11,19.92,25.5,3.46,3.49,24.5
14:28:10,18.63,18.45,25.5,4.8,4.87,24.25
14:28:11,19.37,19.01,26,3.46,3.49,24.5
14:28:12,19.38,19.02,26,4.35,4.37,24.75
14:28:13,20.09,19.72,26,2.62,2.65,24.5
14:28:14,18.64,18.21,26.25,3.01,3.05,24.25
14:28:15,19.38,19.11,25.75,3.9,3.92,24.75
14:28:16,17.91,17.66,25.75,3.9,3.96,24.25
14:28:17,18.64,18.38,25.75,4.35,4.41,24.25
14:28:18,17.91,17.66,25.75,4.35,4.37,24.75
14:28:19,17.9,17.57,26,3.9,3.94,24.5
14:28:20,19.36,19.09,25.75,3.46,3.48,24.75
14:28:21,20.09,19.72,26,3.9,3.92,24.75
14:28:22,18.64,18.38,25.75,4.35,4.41,24.25
14:28:23,20.11,19.64,26.25,4.35,4.39,24.5
14:28:24,20.11,19.74,26,3.9,3.92,24.75
14:28:25,19.38,19.11,25.75,3.9,3.96,24.25
14:28:26,19.38,19.11,25.75,4.35,4.37,24.75
14:28:27,20.1,19.73,26,3.9,3.96,24.25
14:28:28,18.64,18.29,26,4.79,4.81,24.75
14:28:29,20.1,19.73,26,3.46,3.49,24.5
14:28:29,18.64,18.29,26,3.9,3.98,24
14:28:31,19.37,19.01,26,3.46,3.48,24.75
14:28:31,19.38,19.02,26,3.9,3.94,24.5
14:28:32,19.38,19.11,25.75,4.35,4.37,24.75
14:28:33,18.64,18.21,26.25,4.35,4.37,24.75
14:28:34,19.37,19.19,25.5,4.35,4.39,24.5
14:28:35,17.91,17.66,25.75,4.35,4.37,24.75
14:28:36,22.21,22,25.5,3.46,3.51,24.25
14:28:37,20.11,19.74,26,3.9,3.92,24.75
14:28:38,19.36,19,26,4.35,4.41,24.25
14:28:39,18.64,18.38,25.75,4.79,4.86,24.25
14:28:40,20.1,20,25.25,3.01,3.02,24.75
14:28:41,19.37,19.1,25.75,3.01,3.02,24.75
14:28:42,19.37,19.01,26,3.9,3.92,24.75
14:28:43,18.63,18.37,25.75,3.46,3.51,24.25
14:28:44,18.64,18.38,25.75,3.46,3.48,24.75
14:28:45,18.64,18.38,25.75,3.9,3.92,24.75
14:28:46,18.64,18.55,25.25,3.9,3.96,24.25
14:28:47,19.37,19.19,25.5,3.9,3.94,24.5
14:28:48,17.91,17.66,25.75,3.9,3.9,25
14:28:49,19.37,19.01,26,3.01,3.04,24.5
14:28:50,19.37,19.1,25.75,4.35,4.41,24.25
14:28:51,17.91,17.58,26,3.9,3.92,24.75
14:28:52,18.64,18.38,25.75,3.01,3.04,24.5
14:28:53,18.63,18.2,26.25,3.9,3.94,24.5
14:28:54,19.36,19.09,25.75,3.46,3.48,24.75
14:28:55,18.63,18.2,26.25,4.35,4.39,24.5
14:28:56,20.1,19.82,25.75,4.35,4.35,25
14:28:57,19.36,19,26,3.46,3.48,24.75
14:28:58,17.91,17.58,26,4.35,4.41,24.25
14:28:59,18.63,18.37,25.75,3.46,3.49,24.5
14:29:00,17.26,17.02,25.75,3.9,3.94,24.5
14:29:01,17.9,17.48,26.25,3.46,3.49,24.5
14:29:02,17.26,16.94,26,4.35,4.37,24.75
14:29:03,17.27,17.03,25.75,4.35,4.37,24.75
14:29:04,17.27,17.19,25.25,4.79,4.86,24.25
14:29:05,17.27,17.11,25.5,3.9,3.92,24.75
14:29:06,18.63,18.28,26,3.46,3.49,24.5
14:29:07,18.64,18.46,25.5,3.91,3.95,24.5
14:29:08,17.9,17.57,26,3.46,3.51,24.25
14:29:09,19.36,19,26,3.9,3.94,24.5
14:29:10,19.37,19.1,25.75,3.9,3.92,24.75
14:29:11,17.9,17.73,25.5,3.91,3.93,24.75
14:29:12,17.9,17.57,26,4.79,4.81,24.75
14:29:13,19.36,18.91,26.25,3.9,3.94,24.5
14:29:13,18.63,18.28,26,3.9,3.9,25
14:29:14,17.26,17.18,25.25,3.9,3.92,24.75
14:29:15,17.27,17.03,25.75,4.35,4.41,24.25
14:29:17,17.91,17.66,25.75,3.9,3.98,24
14:29:17,17.9,17.65,25.75,5.24,5.24,25
14:29:18,18.63,18.37,25.75,4.35,4.39,24.5
14:29:19,19.36,19,26,3.46,3.49,24.5
14:29:20,17.9,17.65,25.75,4.79,4.81,24.75
14:29:21,18.63,18.28,26,3.91,3.95,24.5
14:29:22,18.63,18.37,25.75,3.91,3.95,24.5
14:29:23,18.64,18.21,26.25,5.24,5.32,24.25
14:29:24,18.64,18.46,25.5,4.35,4.39,24.5
14:29:25,18.63,18.28,26,3.46,3.49,24.5
14:29:26,17.9,17.65,25.75,3.91,3.97,24.25
14:29:27,33,32.54,25.75,4.35,4.39,24.5
14:29:28,53.93,53.42,25.5,4.8,4.85,24.5
14:29:29,38.81,38.44,25.5,6.98,7.05,24.5
14:29:30,31.63,31.33,25.5,6.98,7.05,24.5
14:29:31,26.54,26.29,25.5,5.64,5.75,24
14:29:32,22.23,21.92,25.75,6.52,6.55,24.75
14:29:33,19.38,19.11,25.75,6.08,6.14,24.5
14:29:34,20.83,20.44,26,4.8,4.85,24.5
14:29:35,20.1,19.82,25.75,4.8,4.87,24.25
14:29:36,17.27,16.95,26,4.8,4.85,24.5
14:29:37,18.64,18.29,26,4.8,4.82,24.75
14:29:38,17.91,17.74,25.5,5.24,5.27,24.75
14:29:39,17.91,17.66,25.75,5.24,5.27,24.75
14:29:40,18.63,18.37,25.75,4.35,4.39,24.5
14:29:41,19.36,19,26,3.91,3.97,24.25
14:29:42,16.53,16.22,26,4.79,4.81,24.75
14:29:43,17.26,16.86,26.25,4.79,4.84,24.5
14:29:44,17.27,17.03,25.75,4.35,4.37,24.75
14:29:45,18.63,18.28,26,4.35,4.39,24.5
14:29:46,16.53,16.3,25.75,4.79,4.86,24.25
14:29:47,18.63,18.45,25.5,4.35,4.43,24
14:29:48,17.26,16.94,26,5.24,5.27,24.75
14:29:49,18.63,18.45,25.5,4.35,4.41,24.25
14:29:50,17.27,16.95,26,4.79,4.84,24.5
14:39:37,14.35,14.21,25.5,29.72,29.72,25
14:39:38,20.15,19.87,25.75,29.73,29.87,24.75
14:39:39,13.7,13.51,25.75,39.38,39.76,24.5
14:39:40,12.23,12,26,39.82,39.82,25
14:39:41,12.96,12.9,25.25,37.64,37.82,24.75
14:39:42,10.76,10.56,26,35.44,35.78,24.5
14:39:43,11.49,11.33,25.75,33.26,33.26,25
14:39:44,12.23,12.11,25.5,32.36,32.36,25
14:39:45,11.5,11.45,25.25,30.62,30.62,25
14:39:46,11.5,11.34,25.75,29.72,30.01,24.5
14:39:47,10.02,10.02,25,29.27,29.27,25
14:39:48,11.5,11.34,25.75,28.43,28.7,24.5
14:39:49,10.03,9.98,25.25,28.43,28.43,25
14:39:50,11.49,11.49,25,28.43,28.57,24.75
14:39:51,10.76,10.61,25.75,28.43,28.43,25
14:39:52,59.15,58.87,25.25,27.97,27.97,25
14:39:53,164,162.46,25.5,30.16,30.45,24.5
14:39:54,200.2,199.25,25.25,57.39,57.66,24.75
14:39:55,104.9,105.4,24.75,119.7,120.27,24.75
14:39:56,56.99,56.99,25,162.3,161.53,25.25
14:39:57,27.35,27.22,25.25,161.1,161.1,25
14:39:58,20.9,20.9,25,132.5,132.5,25
14:39:59,18.69,18.69,25,103.8,104.3,24.75
14:39:59,15.83,15.76,25.25,80.28,80.28,25
14:40:00,15.09,15.02,25.25,62.22,61.93,25.25
14:40:01,12.97,12.97,25,51.25,51.49,24.75
14:40:02,12.97,12.85,25.5,43.77,43.56,25.25
14:40:03,11.49,11.54,24.75,40.28,40.28,25
14:40:04,11.5,11.55,24.75,38.02,38.02,25
14:40:05,10.77,10.72,25.25,34.98,35.15,24.75
14:40:06,10.77,10.72,25.25,32.36,32.51,24.75
14:40:07,12.23,12.23,25,30.63,30.63,25
14:40:08,11.5,11.45,25.25,29.27,29.69,24.25
14:40:09,12.23,12.17,25.25,29.27,29.41,24.75
14:40:10,11.5,11.61,24.5,28.83,28.97,24.75
14:40:11,10.77,10.77,25,28.81,29.09,24.5
14:40:12,10.77,10.72,25.25,27.98,28.11,24.75
14:40:13,11.5,11.55,24.75,27.09,27.22,24.75
14:40:14,10.76,10.81,24.75,26.63,26.89,24.5
14:40:15,11.5,11.5,25,27.08,27.34,24.5
14:40:16,12.23,12.29,24.75,26.64,26.77,24.75
14:40:17,9.38,9.47,24.5,26.63,26.76,24.75
14:40:18,15.1,15.17,24.75,26.25,26.38,24.75
14:40:19,158.6,160.12,24.5,26.63,26.76,24.75
14:40:20,752.5,756.09,24.75,29.27,29.41,24.75
14:40:21,838.9,838.9,25,3.91,3.93,24.75
14:40:22,890.9,899.44,24.5,768.2,768.2,25
14:40:23,914.5,914.5,25,813.8,817.68,24.75
14:40:24,945.9,945.9,25,837.2,837.2,25
14:40:25,974.3,978.95,24.75,850.6,854.66,24.75
14:40:26,1000,1004.77,24.75,861.9,861.9,25
14:40:27,1025,1029.89,24.75,882,886.21,24.75
14:40:28,1048,1048,25,905.4,914.08,24.5
14:40:29,1072,1077.12,24.75,931,939.93,24.5
14:40:30,1093,1114.17,24,957.7,966.89,24.5
14:40:31,1115,1120.32,24.75,968.7,968.7,25
14:40:32,1135,1140.42,24.75,991.1,1000.61,24.5
14:40:33,1153,1158.5,24.75,1018,1022.86,24.75
14:40:34,1168,1184.88,24.25,1039,1039,25
14:40:35,1181,1186.64,24.75,1052,1057.02,24.75
14:40:36,1196,1207.47,24.5,1066,1066,25
14:40:37,1212,1212,25,1080,1080,25
14:40:38,1225,1236.75,24.5,1094,1094,25
14:40:39,1241,1246.92,24.75,1107,1112.28,24.75
14:40:40,1254,1254,25,1121,1121,25
14:40:41,1264,1270.03,24.75,1133,1138.41,24.75
14:40:42,1274,1286.22,24.5,1144,1144,25
14:40:42,1286,1292.14,24.75,1156,1161.52,24.75
14:40:43,1294,1300.18,24.75,1166,1171.56,24.75
14:40:44,1303,1309.22,24.75,1177,1165.92,25.5
14:40:45,1312,1318.26,24.75,1186,1191.66,24.75
14:40:46,1318,1324.29,24.75,1194,1194,25
14:40:47,1325,1331.32,24.75,1202,1202,25
14:40:48,1330,1336.35,24.75,1210,1215.77,24.75
14:40:49,1334,1340.37,24.75,1217,1228.67,24.5
14:40:50,1340,1352.85,24.5,1222,1222,25
14:40:51,1347,1359.92,24.5,1227,1221.2,25.25
14:40:52,1354,1366.99,24.5,1233,1233,25
14:40:53,1361,1367.5,24.75,1240,1240,25
14:40:54,1368,1387.78,24.25,1247,1252.95,24.75
14:40:55,1374,1387.18,24.5,1254,1266.03,24.5
14:40:56,1382,1395.26,24.5,1259,1253.05,25.25
14:40:57,1388,1394.62,24.75,1267,1273.05,24.75
14:40:58,1394,1400.65,24.75,1273,1273,25
14:40:59,1401,1414.44,24.5,1280,1286.11,24.75
14:41:00,1409,1415.72,24.75,1286,1298.33,24.5
14:41:01,1415,1408.31,25.25,1291,1291,25
14:41:02,1420,1440.53,24.25,1297,1297,25
14:41:03,1426,1439.68,24.5,1302,1302,25
14:41:04,1431,1437.83,24.75,1307,1300.82,25.25
14:41:05,1438,1451.79,24.5,1313,1313,25
14:41:06,1441,1441,25,1317,1329.63,24.5
14:41:07,1446,1466.9,24.25,1321,1321,25
14:41:08,1451,1451,25,1327,1339.73,24.5
14:41:09,1453,1459.93,24.75,1331,1331,25
14:41:10,1459,1480.09,24.25,1334,1340.37,24.75
14:41:11,1460,1466.97,24.75,1337,1343.38,24.75
14:41:12,1465,1465,25,1341,1341,25
14:41:13,1468,1475.01,24.75,1344,1350.41,24.75
14:41:14,1469,1476.01,24.75,1348,1348,25
14:41:15,1472,1486.12,24.5,1350,1356.44,24.75
14:41:16,1475,1482.04,24.75,1353,1353,25
14:41:17,1477,1477,25,1355,1355,25
14:41:18,1478,1478,25,1357,1363.48,24.75
14:41:19,1479,1493.19,24.5,1360,1353.57,25.25
14:41:20,1479,1493.19,24.5,1362,1362,25
14:41:21,1481,1488.07,24.75,1364,1370.51,24.75
14:41:22,1483,1490.08,24.75,1365,1365,25
14:41:23,1484,1491.08,24.75,1366,1366,25
14:41:24,1484,1491.08,24.75,1368,1368,25
14:41:25,1486,1493.09,24.75,1369,1382.13,24.5
14:41:26,1487,1501.26,24.5,1371,1377.54,24.75
14:41:26,1488,1495.1,24.75,1373,1373,25
14:41:27,1491,1498.12,24.75,1374,1387.18,24.5
14:41:28,1490,1497.11,24.75,1374,1380.56,24.75
14:41:29,1491,1498.12,24.75,1376,1382.57,24.75
14:41:30,1492,1506.31,24.5,1378,1378,25
14:41:31,1493,1500.13,24.75,1379,1385.58,24.75
14:41:32,1493,1493,25,1378,1378,25
14:41:33,1495,1502.14,24.75,1380,1380,25
14:41:34,1496,1496,25,1381,1394.25,24.5
14:41:35,1496,1496,25,1382,1382,25
14:41:36,1496,1496,25,1383,1383,25
14:41:37,1498,1512.37,24.5,1384,1384,25
14:41:38,1500,1507.16,24.75,1386,1392.61,24.75
14:41:39,1499,1513.38,24.5,1386,1392.61,24.75
14:41:40,1500,1500,25,1388,1388,25
14:41:41,1501,1508.16,24.75,1388,1401.31,24.5
14:41:42,1501,1508.16,24.75,1388,1381.44,25.25
14:41:43,1502,1494.9,25.25,1389,1389,25
14:41:44,1502,1509.17,24.75,1389,1395.63,24.75
14:41:45,1504,1504,25,1390,1390,25
14:41:46,1504,1511.18,24.75,1390,1396.63,24.75
14:41:47,1505,1512.18,24.75,1391,1391,25
14:41:48,1505,1512.18,24.75,1392,1392,25
14:41:49,1505,1519.43,24.5,1393,1393,25
14:41:50,1505,1512.18,24.75,1393,1406.36,24.5
14:41:51,1506,1513.19,24.75,1393,1399.65,24.75
14:41:52,1505,1512.18,24.75,1392,1398.64,24.75
14:41:53,1506,1513.19,24.75,1394,1421,24
14:41:54,1507,1514.19,24.75,1394,1407.37,24.5
14:41:55,1508,1508,25,1395,1408.38,24.5
14:41:56,1508,1522.46,24.5,1395,1401.66,24.75
14:41:57,1508,1522.46,24.5,1395,1401.66,24.75
14:41:58,1509,1523.47,24.5,1396,1402.66,24.75
14:41:59,1509,1509,25,1397,1403.67,24.75
14:42:00,1510,1524.48,24.5,1395,1401.66,24.75
14:42:01,1510,1517.21,24.75,1397,1410.4,24.5
14:42:02,1512,1526.5,24.5,1397,1410.4,24.5
14:42:03,1512,1519.22,24.75,1398,1398,25
14:42:04,1511,1525.49,24.5,1398,1404.67,24.75
14:42:05,1511,1518.21,24.75,1399,1412.42,24.5
14:42:06,1509,1516.2,24.75,1400,1400,25
14:42:07,1507,1514.19,24.75,1401,1407.69,24.75
14:42:08,1504,1504,25,1401,1407.69,24.75
14:42:08,1502,1502,25,1399,1405.68,24.75
14:42:09,1499,1506.15,24.75,1399,1419.22,24.25
14:42:10,1491,1491,25,1397,1403.67,24.75
14:42:11,1490,1504.29,24.5,1394,1400.65,24.75
14:42:12,1488,1488,25,1393,1399.65,24.75
14:42:13,1484,1484,25,1392,1398.64,24.75
14:42:14,1484,1491.08,24.75,1393,1406.36,24.5
14:42:15,1484,1484,25,1392,1398.64,24.75
14:42:16,1484,1491.08,24.75,1392,1412.12,24.25
14:42:17,1483,1490.08,24.75,1392,1398.64,24.75
14:42:18,1487,1487,25,1390,1390,25
14:42:19,1495,1502.14,24.75,1393,1399.65,24.75
14:42:20,1503,1503,25,1396,1409.39,24.5
14:42:21,1507,1507,25,1401,1414.44,24.5
14:42:22,1510,1524.48,24.5,1402,1415.45,24.5
14:42:23,1512,1526.5,24.5,1404,1410.7,24.75
14:42:24,1512,1519.22,24.75,1405,1405,25
14:42:25,1513,1527.51,24.5,1405,1411.71,24.75
14:42:26,1515,1507.84,25.25,1405,1411.71,24.75
14:42:27,1517,1517,25,1405,1405,25
14:42:28,1517,1524.24,24.75,1406,1406,25
14:42:29,1518,1525.24,24.75,1405,1405,25
14:42:30,1517,1524.24,24.75,1405,1418.48,24.5
14:42:31,1516,1516,25,1405,1411.71,24.75
14:42:32,1518,1532.56,24.5,1406,1406,25
14:42:33,1518,1518,25,1405,1418.48,24.5
14:42:34,1518,1518,25,1405,1411.71,24.75
14:42:35,1519,1519,25,1405,1418.48,24.5
14:42:36,1518,1518,25,1405,1411.71,24.75
14:42:45,1519,1497.66,25.75,759,762.62,24.75
14:42:48,1520,1505.7,25.5,9,9,25
14:42:50,1520,1520,25,0.7,0.7,24.75
14:42:53,1521,1506.69,25.5,70,70,25
14:43:06,1525,1539.63,24.5,1406,1412.71,24.75
14:43:08,1525,1532.28,24.75,1407,1413.72,24.75
14:43:10,1524,1531.27,24.75,1406,1412.71,24.75
14:43:12,1524,1524,25,1406,1406,25
14:43:14,1525,1525,25,1407,1407,25
14:43:16,0,0,24.75,1408,1401.34,25.25
14:43:18,0,0,24.5,1407,1407,25
14:43:20,0,0,24.25,1407,1407,25
14:43:21,1525,1532.28,24.75,1408,1414.72,24.75
14:43:22,1527,1549.07,24.25,1407,1413.72,24.75
14:43:23,1524,1531.27,24.75,1408,1414.72,24.75
14:43:24,1525,1525,25,1408,1414.72,24.75
14:43:25,1525,1539.63,24.5,1408,1408,25
14:43:26,1527,1527,25,1409,1415.72,24.75
14:43:27,1527,1541.65,24.5,1410,1423.52,24.5
14:43:28,1528,1542.66,24.5,1409,1422.51,24.5
14:43:29,1526,1540.64,24.5,1410,1416.73,24.75
14:43:30,1528,1542.66,24.5,1409,1415.72,24.75
14:43:31,1528,1542.66,24.5,1410,1430.38,24.25
14:43:32,1527,1541.65,24.5,1409,1415.72,24.75
14:43:33,1529,1529,25,1409,1429.37,24.25
14:43:33,1528,1535.29,24.75,1410,1430.38,24.25
14:43:34,1527,1527,25,1411,1417.73,24.75
14:43:35,1529,1529,25,1411,1417.73,24.75
14:43:36,1530,1530,25,1410,1410,25
14:43:37,1528,1535.29,24.75,1411,1424.53,24.5
14:43:38,1530,1537.3,24.75,1411,1411,25
14:43:39,1532,1546.69,24.5,1411,1417.73,24.75
14:43:40,1530,1544.67,24.5,1408,1408,25
14:43:41,4564,,24.5,1411,1424.53,24.5
14:43:42,4574,,25,1408,1414.72,24.75
14:43:43,4554,,25,1411,1411,25
14:43:44,4562,,24.75,1409,1415.72,24.75
14:43:45,4558,,24.75,1409,1415.72,24.75
14:43:46,4558,,24.75,1412,1412,25
14:43:47,4573,,24.75,1408,1428.35,24.25
14:43:48,4563,,24.75,1410,1410,25
14:43:49,4570,,24.75,1410,1423.52,24.5
14:43:50,4560,,24.75,1410,1403.33,25.25
14:43:51,4568,,24.5,1411,1431.4,24.25
14:43:52,4566,,24.5,1410,1410,25
14:43:53,4577,,24.25,1411,1411,25
14:43:54,4560,,24.75,1412,1418.74,24.75
14:43:55,4567,,24.75,1410,1416.73,24.75
14:43:56,4561,,24.5,1412,1418.74,24.75
14:43:57,4562,,24.75,1411,1417.73,24.75
14:43:58,4560,,25,1412,1412,25
14:43:59,4562,,24.25,1410,1423.52,24.5
14:44:00,4555,,24.5,1411,1417.73,24.75
14:44:01,4562,,24.75,1411,1424.53,24.5
14:44:02,4560,,24.5,1410,1416.73,24.75
14:44:03,4558,,24.75,1411,1417.73,24.75
14:44:04,4557,,25,1410,1410,25
14:44:05,4542,,24.75,1412,1418.74,24.75
14:44:06,4475,,24.25,1413,1413,25
14:44:07,4266,,24.25,1412,1412,25
14:44:08,4372,,25,1414,1414,25
14:44:09,2193,,24.75,1415,1428.57,24.5
14:44:10,4497,,24.5,1413,1413,25
14:44:11,4546,,24.75,1416,1422.76,24.75
14:44:12,4562,,24.5,1414,1414,25
14:44:13,4548,,24.5,1414,1420.75,24.75
14:44:14,4558,,24.25,1414,1414,25
14:44:15,4555,,25,1414,1420.75,24.75
14:44:15,4544,,24.75,1415,1428.57,24.5
14:44:16,4555,,25,1414,1427.56,24.5
14:44:17,4530,,24.75,1413,1419.74,24.75
14:44:18,4536,,24.5,1415,1415,25
14:44:19,4526,,24.75,1415,1428.57,24.5
14:44:20,4552,,24.25,1416,1416,25
14:44:21,4554,,24.5,1414,1414,25
14:44:22,4563,,24.5,1415,1415,25
14:44:23,4552,,24.75,1415,1415,25
14:44:24,4549,,24.5,1416,1416,25
14:44:25,4554,,24.75,1414,1420.75,24.75
14:44:26,4549,,24.75,1414,1420.75,24.75
14:44:27,4554,,24.75,1415,1421.75,24.75
14:44:28,4548,,25,1415,1428.57,24.5
14:44:29,4550,,25,1415,1415,25
14:44:30,4568,,24.75,1416,1429.58,24.5
14:44:31,4539,,24.75,1414,1414,25
14:44:32,4519,,24.5,1416,1422.76,24.75
14:44:33,4509,,26.25,1417,1423.76,24.75
14:44:34,2769,,26.5,1415,1421.75,24.75
14:44:35,2758,,26.5,1415,1415,25
14:44:36,0,,26.5,1412,1425.54,24.5
14:44:37,0,,25.75,1413,1413,25
14:44:38,0,,26.5,1415,1415,25
14:44:39,0,,26.5,1416,1416,25
14:44:40,0,,26.5,1418,1411.3,25.25
14:44:41,0,,26.5,1419,1419,25
14:44:42,0,,26,1421,1434.63,24.5
14:44:43,0,,26,1422,1428.79,24.75
14:44:44,0,,26.5,1422,1415.28,25.25
14:44:45,0,,26.5,1422,1415.28,25.25
14:44:46,0,,26.5,1424,1424,25
14:44:47,0,,26.5,1426,1432.81,24.75
14:44:48,0,,26.25,1425,1425,25
14:44:49,0,,26.5,1425,1411.59,25.5
14:44:50,0,,25.5,1424,1417.27,25.25
14:44:51,0,,26.5,1423,1423,25
14:44:52,0,,24,1420,1420,25
14:44:53,0,,25,1418,1411.3,25.25
14:44:54,0,,25,1416,1422.76,24.75
14:44:55,0,,25,1415,1415,25
14:44:56,825.5,833.42,24.5,1413,1413,25
14:44:57,1527,1541.65,24.5,1412,1418.74,24.75
14:44:58,1526,1540.64,24.5,1411,1411,25
14:44:58,1526,1533.28,24.75,1410,1403.33,25.25
14:44:59,1525,1539.63,24.5,1409,1409,25
14:45:00,1526,1526,25,1409,1415.72,24.75
14:45:01,1526,1540.64,24.5,1408,1401.34,25.25
14:45:02,1525,1532.28,24.75,1408,1401.34,25.25
14:45:03,1524,1516.8,25.25,1408,1408,25
14:45:04,1524,1524,25,1408,1408,25
14:45:05,1522,1536.6,24.5,1408,1414.72,24.75
14:45:06,1523,1530.27,24.75,1406,1406,25
14:45:07,1523,1537.61,24.5,1407,1407,25
14:45:08,1522,1529.26,24.75,1406,1399.35,25.25
14:45:09,1524,1546.03,24.25,1406,1406,25
14:45:10,1524,1531.27,24.75,1406,1399.35,25.25
14:45:11,1523,1523,25,1406,1406,25
14:45:12,1523,1523,25,1407,1407,25
14:45:13,1523,1523,25,1405,1405,25
14:45:14,1522,1529.26,24.75,1405,1405,25
14:45:15,1523,1523,25,1406,1399.35,25.25
14:45:16,1523,1530.27,24.75,1406,1406,25
14:45:17,1523,1523,25,1405,1405,25
14:45:18,1523,1530.27,24.75,1406,1399.35,25.25
14:45:19,1524,1524,25,1405,1405,25
14:45:20,1522,1522,25,1406,1392.77,25.5
14:45:21,1525,1525,25,1405,1405,25
14:45:22,1524,1524,25,1405,1405,25
14:45:23,1524,1531.27,24.75,1405,1405,25
14:45:24,1524,1524,25,1405,1391.78,25.5
14:45:25,1524,1546.03,24.25,1405,1391.78,25.5
14:45:26,1524,1531.27,24.75,1405,1405,25
14:45:27,1524,1524,25,1405,1411.71,24.75
14:45:28,1523,1530.27,24.75,1405,1391.78,25.5
14:45:29,1524,1524,25,1406,1412.71,24.75
14:45:30,1524,1524,25,1405,1411.71,24.75
14:45:31,1524,1531.27,24.75,1405,1405,25
14:45:32,1526,1526,25,1406,1399.35,25.25
14:45:33,1527,1527,25,1404,1404,25
14:45:34,1524,1524,25,1405,1405,25
14:45:35,1526,1533.28,24.75,1405,1405,25
14:45:36,1525,1525,25,1405,1405,25
14:45:37,1526,1540.64,24.5,1405,1405,25
14:45:38,1525,1532.28,24.75,1406,1406,25
14:45:39,1525,1532.28,24.75,1405,1398.36,25.25
14:45:40,1526,1540.64,24.5,1405,1405,25
14:45:41,1526,1533.28,24.75,1405,1405,25
14:45:41,1526,1540.64,24.5,1405,1398.36,25.25
14:45:42,1525,1525,25,1405,1411.71,24.75
14:45:43,1526,1540.64,24.5,1405,1411.71,24.75
14:45:44,1524,1538.62,24.5,1406,1406,25
14:45:45,1526,1526,25,1405,1398.36,25.25
14:45:46,1525,1525,25,1405,1398.36,25.25
14:45:47,1526,1526,25,1405,1411.71,24.75
14:45:48,1526,1526,25,1405,1398.36,25.25
14:45:49,1527,1527,25,1404,1410.7,24.75
14:45:50,1524,1524,25,1404,1404,25
14:45:51,1526,1533.28,24.75,1405,1405,25
14:45:52,1526,1533.28,24.75,1405,1405,25
14:45:53,1526,1526,25,1404,1404,25
14:45:54,1524,1531.27,24.75,1405,1405,25
14:45:55,1525,1532.28,24.75,1405,1398.36,25.25
14:45:56,1525,1525,25,1404,1410.7,24.75
14:45:57,1525,1525,25,1405,1405,25
14:45:58,1526,1526,25,1405,1405,25
14:45:59,1525,1532.28,24.75,1405,1405,25
14:46:00,1527,1534.29,24.75,1405,1411.71,24.75
14:46:01,1526,1526,25,1404,1404,25
14:46:02,1525,1532.28,24.75,1404,1404,25
14:46:03,1526,1533.28,24.75,1404,1410.7,24.75
14:46:04,1526,1533.28,24.75,1403,1396.37,25.25
Time,Conductivity_in (mS),Conductivity_in @25*C (microS),Temperature_in,Conductivity_out (mS),Conductivity_out @25*C (microS),Temperature_out
14:50:29,1209,1214.77,24.75,1367,1360.54,25.25
14:50:30,1209,1214.77,24.75,1366,1366,25
14:50:31,1209,1209,25,1365,1371.51,24.75
14:50:32,1209,1203.28,25.25,1365,1358.55,25.25
14:50:33,1210,1210,25,1366,1366,25
14:50:34,1212,1206.27,25.25,1365,1365,25
14:50:35,1213,1218.79,24.75,1365,1358.55,25.25
14:50:36,1214,1225.64,24.5,1366,1366,25
14:50:37,1214,1208.26,25.25,1366,1366,25
14:50:38,1214,1214,25,1365,1358.55,25.25
14:50:39,1217,1211.25,25.25,1365,1358.55,25.25
14:50:39,1217,1217,25,1365,1365,25
14:50:40,1218,1212.24,25.25,1365,1378.09,24.5
14:50:41,1218,1223.81,24.75,1364,1364,25
14:50:42,1218,1212.24,25.25,1365,1365,25
14:50:43,1219,1219,25,1364,1364,25
14:50:44,1220,1214.23,25.25,1365,1365,25
14:50:45,1221,1215.23,25.25,1365,1365,25
14:50:46,1222,1227.83,24.75,1364,1370.51,24.75
14:50:47,1223,1223,25,1364,1357.55,25.25
14:50:48,1224,1224,25,1364,1357.55,25.25
14:50:49,1225,1225,25,1364,1364,25
14:50:50,1225,1225,25,1364,1364,25
14:50:52,1227,1232.86,24.75,1364,1377.08,24.5
14:50:52,1227,1227,25,1364,1357.55,25.25
14:50:53,1227,1232.86,24.75,1363,1363,25
14:50:54,1228,1228,25,1363,1363,25
14:50:55,1228,1228,25,1363,1356.56,25.25
14:50:56,1230,1230,25,1362,1355.56,25.25
14:50:58,1230,1235.87,24.75,1363,1363,25
14:50:58,1231,1231,25,1362,1362,25
14:50:59,1232,1237.88,24.75,1362,1355.56,25.25
16:21:00,1391,1365.06,26,1250,1250,25
16:21:01,1393,1348.17,26.75,1250,1250,25
16:21:02,1396,1369.97,26,1251,1251,25
16:21:03,1396,1363.61,26.25,1253,1253,25
16:21:04,1395,1356.34,26.5,1254,1259.98,24.75
16:21:05,1398,1365.57,26.25,1254,1254,25
16:21:06,1399,1366.54,26.25,1254,1266.03,24.5
16:21:07,1399,1379.34,25.75,1254,1259.98,24.75
16:21:08,1400,1393.38,25.25,1255,1267.04,24.5
16:21:09,1400,1367.52,26.25,1255,1267.04,24.5
16:21:10,1402,1382.3,25.75,1256,1261.99,24.75
16:21:11,1403,1364.12,26.5,1258,1258,25
16:21:12,1402,1375.86,26,1258,1258,25
16:21:12,1402,1369.48,26.25,1259,1265.01,24.75
16:21:13,1406,1379.78,26,1276,1288.24,24.5
16:21:14,1406,1373.38,26.25,1279,1291.27,24.5
16:21:15,1406,1373.38,26.25,1279,1285.1,24.75
16:21:16,1405,1372.41,26.25,1280,1292.28,24.5
16:21:17,1408,1375.34,26.25,1280,1286.11,24.75
16:21:18,1404,1365.09,26.5,1280,1280,25
16:21:19,1408,1388.22,25.75,1281,1293.29,24.5
16:21:20,1407,1374.36,26.25,1280,1273.95,25.25
16:21:21,1407,1374.36,26.25,1280,1280,25
16:21:22,1408,1375.34,26.25,1281,1293.29,24.5
16:21:23,1409,1376.31,26.25,1281,1281,25
16:21:24,1408,1375.34,26.25,1282,1294.3,24.5
16:21:25,1408,1381.75,26,1281,1287.11,24.75
16:21:26,1409,1376.31,26.25,1282,1288.12,24.75
16:21:27,1408,1375.34,26.25,1282,1288.12,24.75
16:21:28,1407,1387.23,25.75,1282,1300.53,24.25
16:21:29,1410,1377.29,26.25,1282,1288.12,24.75
16:21:30,1410,1383.71,26,1282,1288.12,24.75
16:21:31,1408,1375.34,26.25,1282,1282,25
16:21:32,1409,1369.96,26.5,1282,1275.94,25.25
16:21:33,1410,1377.29,26.25,1282,1288.12,24.75
16:21:34,1408,1375.34,26.25,1283,1289.12,24.75
16:21:35,1408,1375.34,26.25,1283,1295.31,24.5
16:21:36,1410,1383.71,26,1282,1288.12,24.75
16:21:37,1408,1375.34,26.25,1283,1283,25
16:21:38,1409,1369.96,26.5,1282,1275.94,25.25
16:21:39,1409,1363.66,26.75,1283,1289.12,24.75
16:21:40,1408,1368.98,26.5,1283,1283,25
16:21:41,1407,1380.77,26,1283,1276.93,25.25
16:21:42,1410,1377.29,26.25,1283,1276.93,25.25
16:21:43,1410,1377.29,26.25,1281,1293.29,24.5
16:21:44,1409,1376.31,26.25,1282,1282,25
16:21:45,1409,1376.31,26.25,1282,1288.12,24.75
16:21:46,1409,1369.96,26.5,1282,1282,25
16:21:47,1406,1373.38,26.25,1282,1294.3,24.5
16:21:48,1408,1375.34,26.25,1282,1275.94,25.25
16:21:49,1411,1378.27,26.25,1283,1276.93,25.25
16:21:50,1406,1373.38,26.25,1283,1301.55,24.25
16:21:51,1409,1382.73,26,1282,1282,25
16:21:52,1407,1368.01,26.5,1283,1295.31,24.5
16:21:53,1406,1373.38,26.25,1283,1276.93,25.25
16:21:54,1408,1362.69,26.75,1281,1287.11,24.75
16:21:55,1407,1380.77,26,1282,1282,25
16:21:56,1407,1380.77,26,1283,1295.31,24.5
16:21:57,1409,1382.73,26,1282,1275.94,25.25
16:21:57,1409,1376.31,26.25,1281,1274.94,25.25
16:21:58,1409,1389.2,25.75,1281,1287.11,24.75
16:21:59,1409,1376.31,26.25,1282,1288.12,24.75
16:22:00,1409,1382.73,26,1282,1275.94,25.25
16:22:01,1411,1384.69,26,1282,1294.3,24.5
16:22:02,1410,1383.71,26,1283,1283,25
16:22:03,1411,1384.69,26,1282,1275.94,25.25
16:22:04,1411,1384.69,26,1283,1276.93,25.25
16:22:05,1411,1384.69,26,1282,1275.94,25.25
16:22:06,1411,1378.27,26.25,1282,1294.3,24.5
16:22:07,1410,1383.71,26,1282,1275.94,25.25
16:22:08,1411,1384.69,26,1282,1275.94,25.25
16:22:09,1412,1398.71,25.5,1282,1282,25
16:22:10,1410,1390.19,25.75,1283,1295.31,24.5
16:22:11,1410,1390.19,25.75,1283,1289.12,24.75
16:22:12,1410,1377.29,26.25,1283,1283,25
16:22:13,1411,1384.69,26,1283,1276.93,25.25
16:22:14,1410,1383.71,26,1284,1284,25
16:22:15,1410,1383.71,26,1284,1290.13,24.75
16:22:16,1411,1391.18,25.75,1284,1277.93,25.25
16:22:17,1410,1383.71,26,1283,1295.31,24.5
16:22:18,1413,1393.15,25.75,1282,1282,25
16:22:19,1411,1371.9,26.5,1284,1284,25
16:22:20,1410,1370.93,26.5,1283,1276.93,25.25
16:22:21,1412,1385.67,26,1282,1269.94,25.5
16:22:22,1412,1379.24,26.25,1282,1288.12,24.75
16:22:23,1413,1380.22,26.25,1283,1289.12,24.75
16:22:24,1413,1386.65,26,1282,1275.94,25.25
16:22:25,1410,1396.73,25.5,1283,1270.93,25.5
16:22:26,1414,1394.13,25.75,1283,1283,25
16:22:27,1412,1385.67,26,1284,1290.13,24.75
16:22:28,1410,1370.93,26.5,1283,1289.12,24.75
16:22:29,1410,1377.29,26.25,1283,1289.12,24.75
16:22:30,1410,1370.93,26.5,1283,1295.31,24.5
16:22:31,1412,1372.87,26.5,1282,1288.12,24.75
16:22:32,1411,1384.69,26,1282,1282,25
16:22:33,1414,1394.13,25.75,1283,1295.31,24.5
16:22:34,1414,1394.13,25.75,1282,1288.12,24.75
16:22:35,1411,1378.27,26.25,1283,1289.12,24.75
16:22:36,1413,1373.85,26.5,1283,1283,25
16:22:37,1410,1390.19,25.75,1283,1283,25
16:22:38,1410,1377.29,26.25,1283,1283,25
16:22:39,1413,1386.65,26,1283,1283,25
16:22:40,1410,1383.71,26,1284,1277.93,25.25
16:22:40,1410,1390.19,25.75,1283,1283,25
16:22:41,1413,1393.15,25.75,1282,1294.3,24.5
16:22:42,1410,1370.93,26.5,1283,1276.93,25.25
16:22:43,1411,1378.27,26.25,1283,1276.93,25.25
16:22:44,1411,1384.69,26,1283,1283,25
16:22:45,1412,1379.24,26.25,1283,1289.12,24.75
16:22:46,1412,1379.24,26.25,1282,1275.94,25.25
16:22:47,1411,1384.69,26,1283,1276.93,25.25
16:22:48,1412,1385.67,26,1282,1282,25
16:22:49,1412,1385.67,26,1282,1282,25
16:22:50,1410,1390.19,25.75,1282,1282,25
16:22:51,1412,1372.87,26.5,1283,1276.93,25.25
16:22:52,1409,1382.73,26,1283,1289.12,24.75
16:22:53,1410,1390.19,25.75,1283,1289.12,24.75
16:22:54,1411,1378.27,26.25,1283,1276.93,25.25
16:22:55,1412,1385.67,26,1282,1282,25
16:22:56,1411,1378.27,26.25,1282,1282,25
16:22:57,1410,1370.93,26.5,1282,1275.94,25.25
16:22:58,1412,1392.16,25.75,1282,1294.3,24.5
16:22:59,1410,1390.19,25.75,1283,1276.93,25.25
16:23:00,1411,1371.9,26.5,1283,1295.31,24.5
16:23:01,1411,1391.18,25.75,1282,1275.94,25.25
16:23:02,1410,1377.29,26.25,1281,1293.29,24.5
16:23:03,1412,1379.24,26.25,1282,1288.12,24.75
16:23:04,1411,1391.18,25.75,1282,1275.94,25.25
16:23:05,1408,1375.34,26.25,1282,1282,25
16:23:06,1411,1397.72,25.5,1281,1281,25
16:23:07,1411,1391.18,25.75,1281,1281,25
16:23:08,1412,1392.16,25.75,1281,1287.11,24.75
16:23:09,1410,1377.29,26.25,1281,1281,25
16:23:10,1410,1383.71,26,1282,1282,25
16:23:11,1409,1389.2,25.75,1281,1281,25
16:23:12,1408,1381.75,26,1281,1281,25
16:23:13,1409,1376.31,26.25,1281,1287.11,24.75
16:23:14,1411,1384.69,26,1280,1280,25
16:23:15,1411,1391.18,25.75,1281,1274.94,25.25
16:23:16,1409,1376.31,26.25,1281,1281,25
16:23:17,1410,1377.29,26.25,1281,1281,25
16:23:18,1410,1390.19,25.75,1281,1281,25
16:23:19,1409,1376.31,26.25,1280,1286.11,24.75
16:23:20,1407,1374.36,26.25,1280,1292.28,24.5
16:23:21,1405,1385.26,25.75,1280,1273.95,25.25
16:23:22,1401,1374.88,26,1279,1279,25
16:23:23,1396,1357.32,26.5,1275,1287.23,24.5
16:23:24,1392,1372.44,25.75,1272,1278.07,24.75
16:23:25,1390,1370.47,25.75,1267,1261.01,25.25
16:23:25,1389,1356.78,26.25,1266,1278.14,24.5
16:23:26,1389,1369.48,25.75,1264,1270.03,24.75
16:23:27,1321,1290.35,26.25,1266,1266,25
16:23:28,1087,1076.77,25.5,1242,1236.13,25.25
16:23:29,980,966.23,25.75,1105,1115.6,24.5
16:23:30,523,513.25,26,986.7,986.7,25
16:23:31,434.5,424.42,26.25,718.8,715.4,25.25
16:23:32,374.2,365.52,26.25,541,538.44,25.25
16:23:33,332.4,324.69,26.25,440.2,442.3,24.75
16:23:34,297.8,290.89,26.25,375.7,377.49,24.75
16:23:35,269.3,263.05,26.25,329.1,333.86,24.25
16:23:36,243.6,240.18,25.75,292.6,292.6,25
16:23:37,221,215.87,26.25,263.3,262.06,25.25
16:23:38,198.4,193.8,26.25,236,236,25
16:23:39,177.9,176.23,25.5,213.4,213.4,25
16:23:40,160.5,158.25,25.75,192.2,192.2,25
16:23:41,144.5,141.81,26,172.9,173.73,24.75
16:23:42,132.1,129.04,26.25,157.2,157.2,25
16:23:43,119,116.78,26,143.8,144.49,24.75
16:23:44,108.1,106.58,25.75,130.4,131.02,24.75
16:23:45,97.18,94.49,26.5,118.9,118.34,25.25
16:23:46,87.69,86.05,26,109.6,108.57,25.5
16:23:47,77.58,75.43,26.5,99.85,100.33,24.75
16:23:48,71.81,70.8,25.75,91.04,90.61,25.25
16:23:49,64.47,63.56,25.75,83.96,83.96,25
16:23:50,56.49,54.92,26.5,77.34,77.34,25
16:23:51,51.47,50.28,26.25,71.15,71.15,25
16:23:52,47.84,46.73,26.25,62.87,63.17,24.75
16:23:53,42.01,41.04,26.25,58.02,58.02,25
16:23:54,37.64,36.6,26.5,54.09,54.35,24.75
16:23:55,34.02,33.54,25.75,49.29,49.29,25
16:23:56,31.89,31.15,26.25,46.2,46.2,25
16:23:57,29.67,28.85,26.5,44.45,44.24,25.25
16:23:58,38.38,37.49,26.25,43.11,43.32,24.75
16:23:59,49.23,48.09,26.25,46.22,46,25.25
16:24:00,50.73,49.32,26.5,54.5,54.5,25
16:24:01,55.84,54.29,26.5,71.15,70.81,25.25
16:24:02,148.8,146.71,25.75,86.96,86.96,25
16:24:03,578.2,575.47,25.25,135.3,134.66,25.25
16:24:04,891.9,871.21,26.25,305.6,304.16,25.25
16:24:05,1043,1014.1,26.5,516.7,516.7,25
16:24:06,1118,1102.29,25.75,695.3,692.01,25.25
16:24:07,1160,1143.7,25.75,833.7,837.68,24.75
16:24:08,1187,1187,25,927.1,922.72,25.25
16:24:09,1513,1477.9,26.25,985.7,995.15,24.5
16:24:09,1233,1210.01,26,1028,1023.14,25.25
16:24:10,1244,1215.14,26.25,1056,1061.04,24.75
16:24:11,2181,,26,1073,1073,25
16:24:12,1233,1198.83,26.5,1056,1051.01,25.25
16:24:13,1227,1209.76,25.75,983,987.69,24.75
16:24:14,1128,1101.83,26.25,882.1,877.93,25.25
16:24:15,1054,1044.08,25.5,746.9,757.7,24.25
16:24:16,1438,1404.64,26.25,662.2,662.2,25
16:24:17,967.9,949.85,26,564.8,564.8,25
16:24:18,923.7,910.72,25.75,520.6,520.6,25
16:24:19,3420,,25.75,478.5,478.5,25
16:24:20,3044,,26.25,441,441,25
16:24:21,2641,,26.25,418.9,418.9,25
16:24:22,780.4,762.3,26.25,417,417,25
16:24:23,781.8,767.22,26,419.8,417.82,25.25
16:24:24,778.4,767.46,25.75,421.8,423.81,24.75
16:24:25,768.3,753.97,26,424.2,426.22,24.75
16:24:26,768.9,758.1,25.75,426.6,426.6,25
16:24:27,769.6,762.36,25.5,429,435.2,24.25
16:24:28,768.9,754.56,26,431.4,433.46,24.75
16:24:29,779.3,764.77,26,431.3,429.26,25.25
16:24:30,786.2,771.54,26,435.4,437.48,24.75
16:54:30,3262,,23.5,1395,1388.41,25.25
16:54:32,3254,,24,1397,1377.37,25.75
16:54:32,3262,,24.25,1398,1384.84,25.5
16:54:33,3263,,24,1398,1384.84,25.5
16:54:34,3262,,24,1400,1380.33,25.75
16:54:35,3260,,24.25,1400,1386.83,25.5
16:54:36,3259,,24.25,1400,1393.38,25.25
16:54:37,3262,,23.25,1403,1389.8,25.5
16:54:38,3260,,24.25,1404,1397.36,25.25
16:54:39,3256,,23.75,1404,1397.36,25.25
16:54:40,3264,,24,1405,1391.78,25.5
16:54:41,3255,,24.25,1404,1390.79,25.5
16:54:42,3262,,24.25,1406,1386.25,25.75
16:54:43,3262,,24.25,1406,1392.77,25.5
16:54:44,3260,,23.75,1405,1391.78,25.5
16:54:45,3260,,23.5,1407,1400.35,25.25
16:54:46,3255,,23.75,1408,1401.34,25.25
16:54:47,3257,,23.75,1407,1407,25
16:54:48,3254,,24.25,1408,1408,25
16:54:49,3269,,23.25,1408,1401.34,25.25
16:54:50,3262,,23.75,1408,1394.75,25.5
16:54:51,3260,,24.25,1409,1395.74,25.5
16:54:52,3257,,23.75,1409,1402.34,25.25
16:54:53,3256,,23.75,1409,1395.74,25.5
16:54:54,3258,,24,1411,1404.33,25.25
16:54:55,3260,,23.75,1410,1403.33,25.25
16:54:56,3263,,24.25,1409,1415.72,24.75
16:54:57,3258,,23.75,1409,1409,25
16:54:58,3267,,23.75,1409,1402.34,25.25
16:54:59,3259,,24,1410,1390.19,25.75
16:55:00,3258,,24,1410,1410,25
16:55:01,3256,,24.25,1410,1410,25
16:55:02,3261,,24.25,1411,1397.72,25.5
16:55:03,3257,,24,1411,1411,25
16:55:04,3257,,24,1410,1410,25
16:55:05,3268,,23,1412,1405.32,25.25
16:55:05,3261,,24,1412,1398.71,25.5
16:55:06,3262,,23,1412,1398.71,25.5
16:55:07,3263,,24,1411,1397.72,25.5
16:55:08,3259,,23.75,1413,1393.15,25.75
16:55:09,3261,,24.5,1412,1392.16,25.75
16:55:10,3258,,23.75,1413,1399.7,25.5
16:55:11,3255,,23.75,1413,1399.7,25.5
16:55:12,3265,,23.75,1413,1406.32,25.25
16:55:13,3262,,24.25,1412,1405.32,25.25
16:55:14,3256,,24.25,1414,1407.32,25.25
16:55:15,3263,,24,1413,1399.7,25.5
16:55:16,3261,,24,1415,1408.31,25.25
16:55:17,3260,,24,1413,1413,25
16:55:18,3255,,24,1414,1400.69,25.5
16:55:19,3265,,24,1415,1408.31,25.25
16:55:20,3267,,24,1416,1396.11,25.75
16:55:21,3263,,24,1415,1395.12,25.75
16:55:22,3260,,24,1416,1409.31,25.25
16:55:23,3253,,24,1415,1408.31,25.25
16:55:24,3257,,24.25,1417,1397.09,25.75
16:55:25,3261,,23.75,1416,1402.67,25.5
16:55:26,3257,,23.75,1417,1410.3,25.25
16:55:27,3260,,23.5,1417,1397.09,25.75
16:55:28,3262,,23.5,1418,1418,25
16:55:29,3255,,24,1418,1411.3,25.25
16:55:30,3264,,24,1417,1397.09,25.75
16:55:31,3259,,24.25,1418,1411.3,25.25
16:55:32,3263,,24.25,1418,1411.3,25.25
16:55:33,3258,,24.25,1418,1411.3,25.25
16:55:34,3261,,24.25,1419,1399.06,25.75
16:55:35,3261,,24.25,1419,1405.65,25.5
16:55:36,3265,,23.75,1419,1399.06,25.75
16:55:37,3266,,23.75,1420,1420,25
16:55:38,3260,,24.25,1419,1399.06,25.75
16:55:39,3261,,24.25,1419,1412.29,25.25
16:55:40,3256,,24,1420,1406.64,25.5
16:55:41,3269,,24,1421,1414.28,25.25
16:55:42,3264,,24,1421,1427.78,24.75
16:55:43,3261,,23.75,1422,1408.62,25.5
16:55:44,3264,,23.75,1420,1426.78,24.75
16:55:45,3260,,24,1421,1414.28,25.25
16:55:46,3261,,23.75,1421,1401.04,25.75
16:55:47,3258,,23.5,1421,1407.63,25.5
16:55:48,3264,,24,1422,1408.62,25.5
16:55:49,3258,,24,1422,1422,25
16:55:49,3266,,23.75,1424,1403.99,25.75
16:55:50,3265,,24,1424,1410.6,25.5
16:55:51,3266,,24,1424,1417.27,25.25
16:55:52,3266,,23.75,1425,1425,25
16:55:53,3259,,23.75,1426,1412.58,25.5
16:55:54,3262,,24,1426,1426,25
16:55:55,3267,,24,1426,1426,25
16:55:56,3262,,24,1425,1404.98,25.75
16:55:57,3262,,24,1426,1419.26,25.25
16:55:58,3269,,23.75,1426,1412.58,25.5
16:55:59,3266,,24.25,1427,1406.95,25.75
16:56:00,3257,,24,1426,1412.58,25.5
16:56:01,3273,,24,1424,1417.27,25.25
16:56:02,3264,,23.5,1409,1402.34,25.25
16:56:03,3266,,24.25,1382,,25.5
16:56:04,3262,,24,1348,,25.5
16:56:05,3253,,23.75,1319,,25.5
16:56:06,3262,,23.5,1293,,25.5
16:56:07,3264,,24.25,1273,,25.75
16:56:08,3262,,24,1261,,25.75
16:56:09,3262,,24.25,1251,,25.75
16:56:10,3264,,24,1246,,25.25
16:56:11,3263,,24.25,1245,,25.75
16:56:12,3268,,24.25,1244,,25.75
16:56:13,3266,,24,1246,,25.5
16:56:14,3267,,24,1249,,25.5
16:56:15,3262,,24,1252,,25.5
16:56:16,3261,,24.25,1257,,25.5
16:56:17,3262,,24,1260,,25.75
16:56:18,3264,,23.75,1265,,25
16:56:19,3262,,24,1271,,25.25
16:56:20,3259,,24.25,1277,,24.75
16:56:21,3262,,24.25,1281,,25.5
16:56:22,3260,,24,1286,,25.5
16:56:23,3258,,24,1292,,25
16:56:24,3260,,24.25,1297,,25.25
16:56:25,3263,,23.75,1303,,25.5
16:56:26,3260,,24,1308,,25.25
16:56:27,3261,,24,1315,,25.25
16:56:28,3259,,24.25,1318,,25.5
16:56:29,3263,,24.25,1323,,25.25
16:56:30,3260,,24.25,1330,,25
16:56:31,3264,,23.75,1334,,25
16:56:32,3260,,23.75,1338,,25.25
16:56:33,3256,,24,1342,,25
16:56:33,3267,,24,1347,,25.25
16:56:34,3263,,24.25,1356,,25.75
16:56:35,3204,,24.25,1355,,25.75
16:56:36,3189,,23.75,1361,,25.5
16:56:37,3194,,24.25,1364,,25.75
16:56:38,3199,,24.25,1370,,25.25
16:56:39,3192,,23.75,1373,,25.5
16:56:40,3191,,23.75,1379,,25.5
16:56:41,3187,,24.25,1382,,25.25
16:56:42,3194,,24.25,1384,,25
16:56:43,3193,,24.25,1388,,25
16:56:44,3193,,24.5,1389,,25.5
16:56:45,3192,,24.5,1391,,25.25
16:56:46,3191,,24,1393,,25.75
16:56:47,3196,,24.5,1395,,24.75
16:56:48,3192,,24.25,1397,,25.25
16:56:49,3197,,24.25,1398,,25.25
16:56:50,3196,,24.5,1399,,25
16:56:51,3193,,24.5,1400,,25.25
16:56:52,3199,,24.5,1401,,25.5
16:56:53,3195,,24.5,1403,1403,25
16:56:54,3196,,24.5,1403,1403,25
16:56:55,3196,,24.5,1405,1398.36,25.25
16:56:56,3187,,24.5,1404,1397.36,25.25
16:56:57,3190,,24.5,1406,1406,25
16:56:58,3195,,24.5,1407,1407,25
16:56:59,3196,,24.75,1409,1415.72,24.75
16:57:00,3195,,24.25,1408,1401.34,25.25
16:57:01,3198,,24.75,1409,1409,25
16:57:02,3192,,24.75,1409,1389.2,25.75
16:57:03,3199,,25.25,1410,1396.73,25.5
16:57:04,3189,,24.75,1411,1404.33,25.25
16:57:05,3204,,24.75,1412,1398.71,25.5
16:57:06,3196,,24.75,1411,1404.33,25.25
16:57:07,3201,,24.75,1413,1399.7,25.5
16:57:08,3201,,24.5,1414,1400.69,25.5
16:57:09,3202,,24.75,1413,1413,25
16:57:10,3203,,25,1413,1399.7,25.5
16:57:11,3197,,25,1415,1408.31,25.25
16:57:12,3205,,24.75,1417,1410.3,25.25
16:57:13,3201,,24.5,1415,1415,25
16:57:14,3192,,24.25,1417,1403.67,25.5
16:57:15,3181,,25,1417,1410.3,25.25
16:57:16,3177,,24.5,1418,1404.66,25.5
16:57:17,3177,,25,1419,1412.29,25.25
16:57:17,3177,,24.5,1418,1411.3,25.25
16:57:18,3181,,25,1419,1412.29,25.25
16:57:19,3179,,25,1420,1413.29,25.25
16:57:20,3185,,25,1419,1412.29,25.25
16:57:21,3180,,25.25,1419,1405.65,25.5
16:57:22,3153,,24.75,1419,1405.65,25.5
16:57:23,3167,,25.25,1419,1412.29,25.25
16:57:24,3153,,25,1420,1406.64,25.5
16:57:25,3151,,24.75,1421,1427.78,24.75
16:57:26,3169,,25.25,1422,1422,25
16:57:27,3154,,25.25,1421,1421,25
16:57:28,3159,,25.25,1422,1402.02,25.75
16:57:29,3156,,25,1420,1420,25
16:57:30,3167,,25.25,1421,1421,25
16:57:31,3165,,25.5,1422,1415.28,25.25
16:57:32,3170,,24.5,1422,1415.28,25.25
16:57:33,3159,,25.25,1422,1428.79,24.75
16:57:34,3152,,25,1423,1423,25
16:57:35,3177,,25.5,1423,1423,25
16:57:36,3181,,25.5,1424,1417.27,25.25
16:57:37,3176,,25,1423,1429.79,24.75
16:57:38,3148,,25.25,1424,1410.6,25.5
16:57:39,3178,,25.25,1423,1409.61,25.5
16:57:40,3182,,25.5,1425,1418.26,25.25
16:57:41,3189,,25.5,1423,1416.27,25.25
16:57:42,3189,,25.5,1424,1417.27,25.25
16:57:43,3189,,25,1424,1410.6,25.5
16:57:44,3182,,25.25,1424,1424,25
16:57:45,3175,,25.5,1426,1426,25
16:57:46,3177,,25,1424,1410.6,25.5
16:57:47,3184,,25.5,1426,1426,25
16:57:48,3182,,25.75,1426,1432.81,24.75
16:57:49,3164,,25.5,1426,1426,25
16:57:50,3164,,25.25,1427,1420.25,25.25
16:57:51,3174,,25.25,1426,1432.81,24.75
16:57:52,3181,,25,1427,1420.25,25.25
16:57:53,3181,,25.5,1426,1412.58,25.5
16:57:54,3181,,25,1427,1427,25
16:57:55,3192,,25.25,1427,1413.57,25.5
16:57:56,3187,,25.25,1427,1433.81,24.75
16:57:57,3181,,25.25,1427,1420.25,25.25
16:57:58,3173,,25.5,1427,1420.25,25.25
16:57:59,3170,,25.25,1428,1428,25
16:58:00,3166,,25.25,1427,1433.81,24.75
16:58:01,3167,,25.5,1427,1427,25
16:58:01,3179,,24.75,1430,1430,25
16:58:02,3170,,25,1428,1434.82,24.75
16:58:03,3172,,25.5,1428,1421.25,25.25
16:58:04,3167,,25.25,1429,1415.55,25.5
16:58:05,3165,,25.5,1428,1441.7,24.5
16:58:06,3169,,25.25,1429,1422.24,25.25
16:58:07,3163,,25.25,1429,1422.24,25.25
16:58:08,3165,,25,1430,1430,25
16:58:09,3162,,25.25,1428,1434.82,24.75
16:58:10,3161,,25,1428,1414.56,25.5
16:58:11,3172,,25.5,1428,1421.25,25.25
16:58:12,3164,,25.75,1429,1422.24,25.25
16:58:13,3163,,25,1429,1429,25
16:58:14,3163,,25.5,1430,1436.82,24.75
16:58:15,3166,,25,1429,1415.55,25.5
16:58:16,3177,,25.5,1429,1429,25
16:58:17,3177,,25.25,1429,1422.24,25.25
16:58:18,3171,,25.25,1430,1423.24,25.25
16:58:19,3179,,24.75,1430,1423.24,25.25
16:58:20,3175,,24.75,1429,1429,25
16:58:21,3176,,25,1428,1414.56,25.5
16:58:22,3173,,25,1430,1436.82,24.75
16:58:23,3174,,25.25,1430,1436.82,24.75
16:58:24,3173,,25.5,1432,1432,25
16:58:25,3168,,25.5,1432,1438.83,24.75
16:58:26,3169,,25.5,1433,1426.23,25.25
16:58:27,3183,,25.5,1431,1417.53,25.5
16:58:28,3178,,25.5,1433,1426.23,25.25
16:58:29,3177,,25.5,1433,1426.23,25.25
16:58:30,3175,,25.25,1433,1426.23,25.25
